area_name,area_code,year,forest_area
Afghanistan,AFG,1990,12084.4
Albania,ALB,1990,7888.0
Algeria,DZA,1990,16670.0
American Samoa,ASM,1990,180.7
Andorra,AND,1990,160.0
Angola,AGO,1990,792627.8
Antigua and Barbuda,ATG,1990,101.1
Argentina,ARG,1990,352040.0
Armenia,ARM,1990,
Aruba,ABW,1990,4.2
Australia,AUS,1990,1338822.0
Austria,AUT,1990,37756.7
Azerbaijan,AZE,1990,
"Bahamas, The",BHS,1990,5098.6
Bahrain,BHR,1990,2.2
Bangladesh,BGD,1990,19203.3
Barbados,BRB,1990,63.0
Belarus,BLR,1990,
Belgium,BEL,1990,
Belize,BLZ,1990,16000.3
Benin,BEN,1990,48351.5
Bermuda,BMU,1990,10.0
Bhutan,BTN,1990,25067.2
Bolivia,BOL,1990,578047.2
Bosnia and Herzegovina,BIH,1990,
Botswana,BWA,1990,188037.0
Brazil,BRA,1990,5888980.0
British Virgin Islands,VGB,1990,37.1
Brunei Darussalam,BRN,1990,4130.0
Bulgaria,BGR,1990,33270.0
Burkina Faso,BFA,1990,77166.0
Burundi,BDI,1990,2764.8
Cabo Verde,CPV,1990,153.8
Cambodia,KHM,1990,110047.9
Cameroon,CMR,1990,225000.0
Canada,CAN,1990,3482729.3
Cayman Islands,CYM,1990,131.3
Central African Republic,CAF,1990,232030.0
Chad,TCD,1990,67300.0
Channel Islands,CHI,1990,8.3
Chile,CHL,1990,152460.5
China,CHN,1990,1571405.9
Colombia,COL,1990,649581.4
Comoros,COM,1990,460.6
"Congo, Dem. Rep.",COD,1990,1506290.0
"Congo, Rep.",COG,1990,223150.0
Costa Rica,CRI,1990,29074.0
Cote d'Ivoire,CIV,1990,78508.6
Croatia,HRV,1990,
Cuba,CUB,1990,20580.0
Curacao,CUW,1990,
Cyprus,CYP,1990,1611.1
Czechia,CZE,1990,
Denmark,DNK,1990,5314.4
Djibouti,DJI,1990,56.0
Dominica,DMA,1990,503.1
Dominican Republic,DOM,1990,15948.9
Ecuador,ECU,1990,146322.1
"Egypt, Arab Rep.",EGY,1990,438.1
El Salvador,SLV,1990,7188.8
Equatorial Guinea,GNQ,1990,26991.5
Eritrea,ERI,1990,
Estonia,EST,1990,
Eswatini,SWZ,1990,4611.4
Ethiopia,ETH,1990,204085.6
Faroe Islands,FRO,1990,0.8
Fiji,FJI,1990,9396.9
Finland,FIN,1990,218753.3
France,FRA,1990,144360.0
French Polynesia,PYF,1990,1444.3
Gabon,GAB,1990,237616.2
"Gambia, The",GMB,1990,4146.6
Georgia,GEO,1990,
Germany,DEU,1990,113000.0
Ghana,GHA,1990,99242.6
Gibraltar,GIB,1990,0.0
Greece,GRC,1990,32985.51
Greenland,GRL,1990,2.2
Grenada,GRD,1990,177.0
Guam,GUM,1990,240.0
Guatemala,GTM,1990,47812.0
Guinea,GIN,1990,72760.0
Guinea-Bissau,GNB,1990,22333.3
Guyana,GUY,1990,186021.5
Haiti,HTI,1990,3829.2
Honduras,HND,1990,69877.8
"Hong Kong SAR, China",HKG,1990,
Hungary,HUN,1990,18139.0
Iceland,ISL,1990,170.7
India,IND,1990,639380.0
Indonesia,IDN,1990,1185450.0
"Iran, Islamic Rep.",IRN,1990,90760.6
Iraq,IRQ,1990,8040.0
Ireland,IRL,1990,4616.4
Isle of Man,IMN,1990,34.6
Israel,ISR,1990,1320.0
Italy,ITA,1990,75897.5
Jamaica,JAM,1990,5212.8
Japan,JPN,1990,249500.0
Jordan,JOR,1990,975.0
Kazakhstan,KAZ,1990,
Kenya,KEN,1990,38585.4
Kiribati,KIR,1990,11.8
"Korea, Dem. People's Rep.",PRK,1990,69120.3
"Korea, Rep.",KOR,1990,65510.0
Kosovo,XKX,1990,
Kuwait,KWT,1990,34.5
Kyrgyz Republic,KGZ,1990,
Lao PDR,LAO,1990,178430.0
Latvia,LVA,1990,
Lebanon,LBN,1990,1397.0
Lesotho,LSO,1990,345.2
Liberia,LBR,1990,85252.4
Libya,LBY,1990,2170.0
Liechtenstein,LIE,1990,65.0
Lithuania,LTU,1990,
Luxembourg,LUX,1990,
"Macao SAR, China",MAC,1990,
Madagascar,MDG,1990,136934.5
Malawi,MWI,1990,35017.0
Malaysia,MYS,1990,206185.0
Maldives,MDV,1990,8.2
Mali,MLI,1990,132960.0
Malta,MLT,1990,3.5
Marshall Islands,MHL,1990,
Mauritania,MRT,1990,4760.4
Mauritius,MUS,1990,410.7
Mexico,MEX,1990,705916.5
"Micronesia, Fed. Sts.",FSM,1990,
Moldova,MDA,1990,
Monaco,MCO,1990,0.0
Mongolia,MNG,1990,143520.0
Montenegro,MNE,1990,
Morocco,MAR,1990,54852.9
Mozambique,MOZ,1990,433780.0
Myanmar,MMR,1990,392184.8
Namibia,NAM,1990,87691.7
Nauru,NRU,1990,0.0
Nepal,NPL,1990,56720.0
Netherlands,NLD,1990,3453.3
New Caledonia,NCL,1990,8311.3
New Zealand,NZL,1990,93722.7
Nicaragua,NIC,1990,63993.2
Niger,NER,1990,19450.0
Nigeria,NGA,1990,265260.9
North Macedonia,MKD,1990,
Northern Mariana Islands,MNP,1990,
Norway,NOR,1990,121320.0
Oman,OMN,1990,30.0
Pakistan,PAK,1990,1447.4
Palau,PLW,1990,
Panama,PAN,1990,46074.0
Papua New Guinea,PNG,1990,363996.8
Paraguay,PRY,1990,255458.6
Peru,PER,1990,764485.4
Philippines,PHL,1990,77788.1
Poland,POL,1990,88820.0
Portugal,PRT,1990,33990.0
Puerto Rico,PRI,1990,3203.3
Qatar,QAT,1990,0.0
Romania,ROU,1990,63710.0
Russian Federation,RUS,1990,
Rwanda,RWA,1990,3170.0
Samoa,WSM,1990,1761.3
San Marino,SMR,1990,10.0
Sao Tome and Principe,STP,1990,586.2
Saudi Arabia,SAU,1990,9770.0
Senegal,SEN,1990,93031.6
Serbia,SRB,1990,
Seychelles,SYC,1990,337.0
Sierra Leone,SLE,1990,31267.0
Singapore,SGP,1990,148.269
Sint Maarten (Dutch part),SXM,1990,
Slovak Republic,SVK,1990,
Slovenia,SVN,1990,
Solomon Islands,SLB,1990,25449.1
Somalia,SOM,1990,82825.0
South Africa,ZAF,1990,181420.9
South Sudan,SSD,1990,
Spain,ESP,1990,139046.6
Sri Lanka,LKA,1990,23503.3
St. Kitts and Nevis,KNA,1990,110.0
St. Lucia,LCA,1990,212.7
St. Martin (French part),MAF,1990,
St. Vincent and the Grenadines,VCT,1990,275.4
Sudan,SDN,1990,307273.1
Suriname,SUR,1990,153776.3
Sweden,SWE,1990,280630.0
Switzerland,CHE,1990,11535.0
Syrian Arab Republic,SYR,1990,3720.8
Tajikistan,TJK,1990,
Tanzania,TZA,1990,573900.1
Thailand,THA,1990,193610.0
Timor-Leste,TLS,1990,9631.0
Togo,TGO,1990,13616.6
Tonga,TON,1990,89.5
Trinidad and Tobago,TTO,1990,2420.6
Tunisia,TUN,1990,6439.769
Turkiye,TUR,1990,197834.8
Turkmenistan,TKM,1990,
Turks and Caicos Islands,TCA,1990,105.2
Tuvalu,TUV,1990,10.0
Uganda,UGA,1990,35754.7
Ukraine,UKR,1990,
United Arab Emirates,ARE,1990,2450.0
United Kingdom,GBR,1990,27780.0
United States,USA,1990,3024500.0
Uruguay,URY,1990,7980.0
Uzbekistan,UZB,1990,
Vanuatu,VUT,1990,4423.0
"Venezuela, RB",VEN,1990,520260.0
Vietnam,VNM,1990,93759.6
Virgin Islands (U.S.),VIR,1990,245.4
West Bank and Gaza,PSE,1990,90.8
"Yemen, Rep.",YEM,1990,5490.0
Zambia,ZMB,1990,474120.0
Zimbabwe,ZWE,1990,188266.8
Africa Eastern and Southern,AFE,1990,5279295.5
Africa Western and Central,AFW,1990,2060349.0
Arab World,ARB,1990,507946.169
Caribbean small states,CSS,1990,369972.4
Central Europe and the Baltics,CEB,1990,203939.0
Early-demographic dividend,EAR,1990,8352605.2
East Asia & Pacific,EAS,1990,6398280.269
East Asia & Pacific (excluding high income),EAP,1990,4636271.0
East Asia & Pacific (IDA & IBRD countries),TEA,1990,4567150.7
Euro area,EMU,1990,805473.91
Europe & Central Asia,ECS,1990,
Europe & Central Asia (excluding high income),ECA,1990,
Europe & Central Asia (IDA & IBRD countries),TEC,1990,
European Union,EUU,1990,1295357.31
Fragile and conflict affected situations,FCS,1990,5338750.0
Heavily indebted poor countries (HIPC),HPC,1990,6241141.5
High income,HIC,1990,10110421.979
IBRD only,IBD,1990,
IDA & IBRD total,IBT,1990,
IDA blend,IDB,1990,1326057.2
IDA only,IDX,1990,6061465.7
IDA total,IDA,1990,7387522.9
Late-demographic dividend,LTE,1990,
Latin America & Caribbean,LCN,1990,10699608.5
Latin America & Caribbean (excluding high income),LAC,1990,9775292.7
Latin America & the Caribbean (IDA & IBRD countries),TLA,1990,10670140.4
Least developed countries: UN classification,LDC,1990,6332574.7 & middle income,LMY,1990,
Low income,LIC,1990,3523832.1
Lower middle income,LMC,1990,6237384.269
Middle East & North Africa,MEA,1990,204711.169
Middle East & North Africa (excluding high income),MNA,1990,191100.969
Middle East & North Africa (IDA & IBRD countries),TMN,1990,191010.169
Middle income,MIC,1990,
North America,NAC,1990,6507239.3
Not classified,INX,1990,
OECD members,OED,1990,11348539.61
Other small states,OSS,1990,614411.1
Pacific island small states,PSS,1990,41141.6
Post-demographic dividend,PST,1990,9572911.179
Pre-demographic dividend,PRE,1990,6173424.8
Small states,SST,1990,1025525.1
South Asia,SAS,1990,777413.8
South Asia (IDA & IBRD),TSA,1990,777413.8
Sub-Saharan Africa,SSF,1990,7339644.5
Sub-Saharan Africa (excluding high income),SSA,1990,7339307.5
Sub-Saharan Africa (IDA & IBRD countries),TSS,1990,7339644.5
Upper middle income,UMC,1990,
World,WLD,1990,
Afghanistan,AFG,1991,12084.4
Albania,ALB,1991,7868.5
Algeria,DZA,1991,16582.0
American Samoa,ASM,1991,180.36
Andorra,AND,1991,160.0
Angola,AGO,1991,791073.63
Antigua and Barbuda,ATG,1991,100.44
Argentina,ARG,1991,350214.0
Armenia,ARM,1991,
Aruba,ABW,1991,4.2
Australia,AUS,1991,1336753.9
Austria,AUT,1991,37819.17
Azerbaijan,AZE,1991,
"Bahamas, The",BHS,1991,5098.6
Bahrain,BHR,1991,2.35
Bangladesh,BGD,1991,19203.298
Barbados,BRB,1991,63.0
Belarus,BLR,1991,
Belgium,BEL,1991,
Belize,BLZ,1991,15859.57
Benin,BEN,1991,47651.5
Bermuda,BMU,1991,10.0
Bhutan,BTN,1991,25166.48
Bolivia,BOL,1991,575343.87
Bosnia and Herzegovina,BIH,1991,
Botswana,BWA,1991,186854.0
Brazil,BRA,1991,5851170.6
British Virgin Islands,VGB,1991,37.06
Brunei Darussalam,BRN,1991,4114.0
Bulgaria,BGR,1991,33318.0
Burkina Faso,BFA,1991,76665.9
Burundi,BDI,1991,2682.26
Cabo Verde,CPV,1991,178.14
Cambodia,KHM,1991,109824.11
Cameroon,CMR,1991,224097.49
Canada,CAN,1991,3482258.34
Cayman Islands,CYM,1991,131.1
Central African Republic,CAF,1991,231730.0
Chad,TCD,1991,66923.0
Channel Islands,CHI,1991,8.3
Chile,CHL,1991,153031.51
China,CHN,1991,1591265.86
Colombia,COL,1991,647358.76
Comoros,COM,1991,456.22
"Congo, Dem. Rep.",COD,1991,1499560.0
"Congo, Rep.",COG,1991,223030.0
Costa Rica,CRI,1991,29023.82
Cote d'Ivoire,CIV,1991,75752.19
Croatia,HRV,1991,
Cuba,CUB,1991,20957.0
Curacao,CUW,1991,
Cyprus,CYP,1991,1621.6
Czechia,CZE,1991,
Denmark,DNK,1991,5354.56
Djibouti,DJI,1991,56.0
Dominica,DMA,1991,500.66
Dominican Republic,DOM,1991,16326.48
Ecuador,ECU,1991,145420.39
"Egypt, Arab Rep.",EGY,1991,453.5
El Salvador,SLV,1991,7143.8
Equatorial Guinea,GNQ,1991,26907.93
Eritrea,ERI,1991,
Estonia,EST,1991,
Eswatini,SWZ,1991,4623.54
Ethiopia,ETH,1991,203324.0
Faroe Islands,FRO,1991,0.8
Fiji,FJI,1991,9463.68
Finland,FIN,1991,219323.61
France,FRA,1991,145212.0
French Polynesia,PYF,1991,1448.42
Gabon,GAB,1991,237554.58
"Gambia, The",GMB,1991,4089.27
Georgia,GEO,1991,
Germany,DEU,1991,113054.0
Ghana,GHA,1991,98166.95
Gibraltar,GIB,1991,0.0
Greece,GRC,1991,33287.189
Greenland,GRL,1991,2.2
Grenada,GRD,1991,177.0
Guam,GUM,1991,240.0
Guatemala,GTM,1991,47240.0
Guinea,GIN,1991,72413.0
Guinea-Bissau,GNB,1991,22248.85
Guyana,GUY,1991,185983.57
Haiti,HTI,1991,3826.93
Honduras,HND,1991,69668.29
"Hong Kong SAR, China",HKG,1991,
Hungary,HUN,1991,18246.27
Iceland,ISL,1991,183.46
India,IND,1991,643033.0
Indonesia,IDN,1991,1168185.0
"Iran, Islamic Rep.",IRN,1991,91010.2
Iraq,IRQ,1991,8054.0
Ireland,IRL,1991,4785.12
Isle of Man,IMN,1991,34.6
Israel,ISR,1991,1341.0
Italy,ITA,1991,76677.0
Jamaica,JAM,1991,5212.52
Japan,JPN,1991,249426.0
Jordan,JOR,1991,975.0
Kazakhstan,KAZ,1991,
Kenya,KEN,1991,38688.05
Kiribati,KIR,1991,11.8
"Korea, Dem. People's Rep.",PRK,1991,68662.96
"Korea, Rep.",KOR,1991,65435.0
Kosovo,XKX,1991,
Kuwait,KWT,1991,35.9
Kyrgyz Republic,KGZ,1991,
Lao PDR,LAO,1991,178012.0
Latvia,LVA,1991,
Lebanon,LBN,1991,1395.48
Lesotho,LSO,1991,345.2
Liberia,LBR,1991,84949.8
Libya,LBY,1991,2170.0
Liechtenstein,LIE,1991,65.2
Lithuania,LTU,1991,
Luxembourg,LUX,1991,
"Macao SAR, China",MAC,1991,
Madagascar,MDG,1991,136271.72
Malawi,MWI,1991,34597.0
Malaysia,MYS,1991,205257.85
Maldives,MDV,1991,8.2
Mali,MLI,1991,132960.0
Malta,MLT,1991,3.5
Marshall Islands,MHL,1991,94.0
Mauritania,MRT,1991,4706.0
Mauritius,MUS,1991,411.56
Mexico,MEX,1991,703706.2
"Micronesia, Fed. Sts.",FSM,1991,636.08
Moldova,MDA,1991,
Monaco,MCO,1991,0.0
Mongolia,MNG,1991,143431.9
Montenegro,MNE,1991,
Morocco,MAR,1991,54874.15
Mozambique,MOZ,1991,431590.0
Myanmar,MMR,1991,387834.43
Namibia,NAM,1991,86981.614
Nauru,NRU,1991,0.0
Nepal,NPL,1991,56828.76
Netherlands,NLD,1991,3467.47
New Caledonia,NCL,1991,8318.02
New Zealand,NZL,1991,94200.87
Nicaragua,NIC,1991,62993.2
Niger,NER,1991,18833.1
Nigeria,NGA,1991,263627.85
North Macedonia,MKD,1991,
Northern Mariana Islands,MNP,1991,334.45
Norway,NOR,1991,121301.0
Oman,OMN,1991,30.0
Pakistan,PAK,1991,49392.37
Palau,PLW,1991,382.93
Panama,PAN,1991,45908.74
Papua New Guinea,PNG,1991,363875.086
Paraguay,PRY,1991,252904.39
Peru,PER,1991,763334.69
Philippines,PHL,1991,77318.55
Poland,POL,1991,88997.0
Portugal,PRT,1991,33872.0
Puerto Rico,PRI,1991,3312.12
Qatar,QAT,1991,0.0
Romania,ROU,1991,63705.0
Russian Federation,RUS,1991,
Rwanda,RWA,1991,3140.0
Samoa,WSM,1991,1756.48
San Marino,SMR,1991,10.0
Sao Tome and Principe,STP,1991,585.94
Saudi Arabia,SAU,1991,9770.0
Senegal,SEN,1991,92581.6
Serbia,SRB,1991,
Seychelles,SYC,1991,337.0
Sierra Leone,SLE,1991,31069.73
Singapore,SGP,1991,150.456
Sint Maarten (Dutch part),SXM,1991,
Slovak Republic,SVK,1991,
Slovenia,SVN,1991,
Solomon Islands,SLB,1991,25441.79
Somalia,SOM,1991,82057.5
South Africa,ZAF,1991,181056.9
South Sudan,SSD,1991,
Spain,ESP,1991,142235.87
Sri Lanka,LKA,1991,23319.39
St. Kitts and Nevis,KNA,1991,110.0
St. Lucia,LCA,1991,212.44
St. Martin (French part),MAF,1991,
St. Vincent and the Grenadines,VCT,1991,276.4
Sudan,SDN,1991,305528.95
Suriname,SUR,1991,153739.54
Sweden,SWE,1991,280730.0
Switzerland,CHE,1991,11577.68
Syrian Arab Republic,SYR,1991,3780.8
Tajikistan,TJK,1991,
Tanzania,TZA,1991,570180.1
Thailand,THA,1991,193247.0
Timor-Leste,TLS,1991,9617.0
Togo,TGO,1991,13523.404
Tonga,TON,1991,89.5
Trinidad and Tobago,TTO,1991,2415.19
Tunisia,TUN,1991,6463.642
Turkiye,TUR,1991,198199.67
Turkmenistan,TKM,1991,
Turks and Caicos Islands,TCA,1991,105.2
Tuvalu,TUV,1991,10.0
Uganda,UGA,1991,35342.18
Ukraine,UKR,1991,
United Arab Emirates,ARE,1991,2514.43
United Kingdom,GBR,1991,27956.0
United States,USA,1991,3025586.0
Uruguay,URY,1991,8551.0
Uzbekistan,UZB,1991,
Vanuatu,VUT,1991,4423.0
"Venezuela, RB",VEN,1991,517385.0
Vietnam,VNM,1991,96167.74
Virgin Islands (U.S.),VIR,1991,241.33
West Bank and Gaza,PSE,1991,90.8
"Yemen, Rep.",YEM,1991,5490.0
Zambia,ZMB,1991,473762.0
Zimbabwe,ZWE,1991,187806.1
Africa Eastern and Southern,AFE,1991,5257255.464
Africa Western and Central,AFW,1991,2049660.284
Arab World,ARB,1991,505486.722
Caribbean small states,CSS,1991,369748.93
Central Europe and the Baltics,CEB,1991,204266.27
Early-demographic dividend,EAR,1991,8362184.368
East Asia & Pacific,EAS,1991,6395610.222
East Asia & Pacific (excluding high income),EAP,1991,4635008.746
East Asia & Pacific (IDA & IBRD countries),TEA,1991,4566345.786
Euro area,EMU,1991,811358.529
Europe & Central Asia,ECS,1991,
Europe & Central Asia (excluding high income),ECA,1991,
Europe & Central Asia (IDA & IBRD countries),TEC,1991,
European Union,EUU,1991,1301709.359
Fragile and conflict affected situations,FCS,1991,5314907.016
Heavily indebted poor countries (HIPC),HPC,1991,6210369.914
High income,HIC,1991,10117270.155
IBRD only,IBD,1991,
IDA & IBRD total,IBT,1991,
IDA blend,IDB,1991,1370942.266
IDA only,IDX,1991,6030229.872
IDA total,IDA,1991,7401172.138
Late-demographic dividend,LTE,1991,
Latin America & Caribbean,LCN,1991,10645088.61
Latin America & Caribbean (excluding high income),LAC,1991,9722610.55
Latin America & the Caribbean (IDA & IBRD countries),TLA,1991,10615139.0
Least developed countries: UN classification,LDC,1991,6304248.852
Low & middle income,LMY,1991,
Low income,LIC,1991,3507104.824
Lower middle income,LMC,1991,6268661.026
Middle East & North Africa,MEA,1991,205092.752
Middle East & North Africa (excluding high income),MNA,1991,191395.572
Middle East & North Africa (IDA & IBRD countries),TMN,1991,191304.772
Middle income,MIC,1991,
North America,NAC,1991,6507854.34
Not classified,INX,1991,
OECD members,OED,1991,11350400.469
Other small states,OSS,1991,612356.434
Pacific island small states,PSS,1991,42309.26
Post-demographic dividend,PST,1991,9578366.325
Pre-demographic dividend,PRE,1991,6145305.624
Small states,SST,1991,1024414.624
South Asia,SAS,1991,829035.898
South Asia (IDA & IBRD),TSA,1991,829035.898
Sub-Saharan Africa,SSF,1991,7306915.748
Sub-Saharan Africa (excluding high income),SSA,1991,7306578.748
Sub-Saharan Africa (IDA & IBRD countries),TSS,1991,7306915.748
Upper middle income,UMC,1991,
World,WLD,1991,
Afghanistan,AFG,1992,12084.4
Albania,ALB,1992,7849.0
Algeria,DZA,1992,16494.0
American Samoa,ASM,1992,180.02
Andorra,AND,1992,160.0
Angola,AGO,1992,789519.46
Antigua and Barbuda,ATG,1992,99.78
Argentina,ARG,1992,348388.0
Armenia,ARM,1992,3343.12
Aruba,ABW,1992,4.2
Australia,AUS,1992,1334685.8
Austria,AUT,1992,37881.64
Azerbaijan,AZE,1992,9532.36
"Bahamas, The",BHS,1992,5098.6
Bahrain,BHR,1992,2.5
Bangladesh,BGD,1992,19203.296
Barbados,BRB,1992,63.0
Belarus,BLR,1992,78786.0
Belgium,BEL,1992,
Belize,BLZ,1992,15718.84
Benin,BEN,1992,46951.5
Bermuda,BMU,1992,10.0
Bhutan,BTN,1992,25265.76
Bolivia,BOL,1992,572640.54
Bosnia and Herzegovina,BIH,1992,21903.3
Botswana,BWA,1992,185671.0
Brazil,BRA,1992,5813361.2
British Virgin Islands,VGB,1992,37.02
Brunei Darussalam,BRN,1992,4098.0
Bulgaria,BGR,1992,33366.0
Burkina Faso,BFA,1992,76165.8
Burundi,BDI,1992,2599.72
Cabo Verde,CPV,1992,202.48
Cambodia,KHM,1992,109600.32
Cameroon,CMR,1992,223194.98
Canada,CAN,1992,3481787.38
Cayman Islands,CYM,1992,130.9
Central African Republic,CAF,1992,231430.0
Chad,TCD,1992,66546.0
Channel Islands,CHI,1992,8.3
Chile,CHL,1992,153602.52
China,CHN,1992,1611125.82
Colombia,COL,1992,645136.12
Comoros,COM,1992,451.84
"Congo, Dem. Rep.",COD,1992,1492830.0
"Congo, Rep.",COG,1992,222910.0
Costa Rica,CRI,1992,28973.64
Cote d'Ivoire,CIV,1992,72995.78
Croatia,HRV,1992,18570.0
Cuba,CUB,1992,21334.0
Curacao,CUW,1992,
Cyprus,CYP,1992,1632.1
Czechia,CZE,1992,
Denmark,DNK,1992,5394.72
Djibouti,DJI,1992,56.0
Dominica,DMA,1992,498.22
Dominican Republic,DOM,1992,16704.06
Ecuador,ECU,1992,144518.68
"Egypt, Arab Rep.",EGY,1992,468.9
El Salvador,SLV,1992,7098.8
Equatorial Guinea,GNQ,1992,26824.36
Eritrea,ERI,1992,
Estonia,EST,1992,22124.98
Eswatini,SWZ,1992,4635.68
Ethiopia,ETH,1992,202562.4
Faroe Islands,FRO,1992,0.8
Fiji,FJI,1992,9530.46
Finland,FIN,1992,219893.92
France,FRA,1992,146064.0
French Polynesia,PYF,1992,1452.54
Gabon,GAB,1992,237492.96
"Gambia, The",GMB,1992,4031.94
Georgia,GEO,1992,27539.6
Germany,DEU,1992,113108.0
Ghana,GHA,1992,97091.3
Gibraltar,GIB,1992,0.0
Greece,GRC,1992,33588.867
Greenland,GRL,1992,2.2
Grenada,GRD,1992,177.0
Guam,GUM,1992,240.0
Guatemala,GTM,1992,46668.0
Guinea,GIN,1992,72066.0
Guinea-Bissau,GNB,1992,22164.4
Guyana,GUY,1992,185945.64
Haiti,HTI,1992,3824.66
Honduras,HND,1992,69458.78
"Hong Kong SAR, China",HKG,1992,
Hungary,HUN,1992,18353.54
Iceland,ISL,1992,196.22
India,IND,1992,646686.0
Indonesia,IDN,1992,1150920.0
"Iran, Islamic Rep.",IRN,1992,91259.8
Iraq,IRQ,1992,8068.0
Ireland,IRL,1992,4953.84
Isle of Man,IMN,1992,34.6
Israel,ISR,1992,1362.0
Italy,ITA,1992,77456.5
Jamaica,JAM,1992,5212.24
Japan,JPN,1992,249352.0
Jordan,JOR,1992,975.0
Kazakhstan,KAZ,1992,31611.81
Kenya,KEN,1992,38790.7
Kiribati,KIR,1992,11.8
"Korea, Dem. People's Rep.",PRK,1992,68205.62
"Korea, Rep.",KOR,1992,65360.0
Kosovo,XKX,1992,
Kuwait,KWT,1992,37.3
Kyrgyz Republic,KGZ,1992,11453.18
Lao PDR,LAO,1992,177594.0
Latvia,LVA,1992,31866.0
Lebanon,LBN,1992,1393.96
Lesotho,LSO,1992,345.2
Liberia,LBR,1992,84647.2
Libya,LBY,1992,2170.0
Liechtenstein,LIE,1992,65.4
Lithuania,LTU,1992,19600.0
Luxembourg,LUX,1992,
"Macao SAR, China",MAC,1992,
Madagascar,MDG,1992,135608.94
Malawi,MWI,1992,34177.0
Malaysia,MYS,1992,204330.7
Maldives,MDV,1992,8.2
Mali,MLI,1992,132960.0
Malta,MLT,1992,3.5
Marshall Islands,MHL,1992,94.0
Mauritania,MRT,1992,4651.6
Mauritius,MUS,1992,412.42
Mexico,MEX,1992,701495.9
"Micronesia, Fed. Sts.",FSM,1992,636.36
Moldova,MDA,1992,3292.0
Monaco,MCO,1992,0.0
Mongolia,MNG,1992,143343.8
Montenegro,MNE,1992,
Morocco,MAR,1992,54895.4
Mozambique,MOZ,1992,429400.0
Myanmar,MMR,1992,383484.06
Namibia,NAM,1992,86271.528
Nauru,NRU,1992,0.0
Nepal,NPL,1992,56937.52
Netherlands,NLD,1992,3481.64
New Caledonia,NCL,1992,8324.74
New Zealand,NZL,1992,94679.04
Nicaragua,NIC,1992,61993.2
Niger,NER,1992,18216.2
Nigeria,NGA,1992,261994.8
North Macedonia,MKD,1992,9211.1
Northern Mariana Islands,MNP,1992,332.8
Norway,NOR,1992,121282.0
Oman,OMN,1992,30.0
Pakistan,PAK,1992,48916.84
Palau,PLW,1992,384.36
Panama,PAN,1992,45743.48
Papua New Guinea,PNG,1992,363753.373
Paraguay,PRY,1992,250350.18
Peru,PER,1992,762183.98
Philippines,PHL,1992,76849.0
Poland,POL,1992,89174.0
Portugal,PRT,1992,33754.0
Puerto Rico,PRI,1992,3420.94
Qatar,QAT,1992,0.0
Romania,ROU,1992,63700.0
Russian Federation,RUS,1992,8090136.2
Rwanda,RWA,1992,3110.0
Samoa,WSM,1992,1751.66
San Marino,SMR,1992,10.0
Sao Tome and Principe,STP,1992,585.68
Saudi Arabia,SAU,1992,9770.0
Senegal,SEN,1992,92131.6
Serbia,SRB,1992,
Seychelles,SYC,1992,337.0
Sierra Leone,SLE,1992,30872.46
Singapore,SGP,1992,152.642
Sint Maarten (Dutch part),SXM,1992,
Slovak Republic,SVK,1992,
Slovenia,SVN,1992,11970.0
Solomon Islands,SLB,1992,25434.48
Somalia,SOM,1992,81290.0
South Africa,ZAF,1992,180692.9
South Sudan,SSD,1992,
Spain,ESP,1992,145425.14
Sri Lanka,LKA,1992,23135.48
St. Kitts and Nevis,KNA,1992,110.0
St. Lucia,LCA,1992,212.18
St. Martin (French part),MAF,1992,
St. Vincent and the Grenadines,VCT,1992,277.4
Sudan,SDN,1992,303784.8
Suriname,SUR,1992,153702.78
Sweden,SWE,1992,280830.0
Switzerland,CHE,1992,11620.36
Syrian Arab Republic,SYR,1992,3840.8
Tajikistan,TJK,1992,4084.0
Tanzania,TZA,1992,566460.1
Thailand,THA,1992,192884.0
Timor-Leste,TLS,1992,9603.0
Togo,TGO,1992,13430.208
Tonga,TON,1992,89.5
Trinidad and Tobago,TTO,1992,2409.78
Tunisia,TUN,1992,6487.515
Turkiye,TUR,1992,198564.54
Turkmenistan,TKM,1992,41270.0
Turks and Caicos Islands,TCA,1992,105.2
Tuvalu,TUV,1992,10.0
Uganda,UGA,1992,34929.66
Ukraine,UKR,1992,93212.0
United Arab Emirates,ARE,1992,2578.86
United Kingdom,GBR,1992,28132.0
United States,USA,1992,3026672.0
Uruguay,URY,1992,9122.0
Uzbekistan,UZB,1992,26317.884
Vanuatu,VUT,1992,4423.0
"Venezuela, RB",VEN,1992,514510.0
Vietnam,VNM,1992,98575.88
Virgin Islands (U.S.),VIR,1992,237.26
West Bank and Gaza,PSE,1992,90.8
"Yemen, Rep.",YEM,1992,5490.0
Zambia,ZMB,1992,473404.0
Zimbabwe,ZWE,1992,187345.4
Africa Eastern and Southern,AFE,1992,5235215.428
Africa Western and Central,AFW,1992,2038971.568
Arab World,ARB,1992,503027.275
Caribbean small states,CSS,1992,369525.46
Central Europe and the Baltics,CEB,1992,308724.52
Early-demographic dividend,EAR,1992,8394379.121
East Asia & Pacific,EAS,1992,6391492.775
East Asia & Pacific (excluding high income),EAP,1992,4632635.193
East Asia & Pacific (IDA & IBRD countries),TEA,1992,4564429.573
Euro area,EMU,1992,902804.127
Europe & Central Asia,ECS,1992,10231806.861
Europe & Central Asia (excluding high income),ECA,1992,8691472.094
Europe & Central Asia (IDA & IBRD countries),TEC,1992,8862916.094
European Union,EUU,1992,1412192.387
Fragile and conflict affected situations,FCS,1992,5383546.233
Heavily indebted poor countries (HIPC),HPC,1992,6179598.328
High income,HIC,1992,10227913.209
IBRD only,IBD,1992,24877980.993
IDA & IBRD total,IBT,1992,32285507.134
IDA blend,IDB,1992,1393724.717
IDA only,IDX,1992,6013801.424
IDA total,IDA,1992,7407526.141
Late-demographic dividend,LTE,1992,17692048.725
Latin America & Caribbean,LCN,1992,10590568.72
Latin America & Caribbean (excluding high income),LAC,1992,9669928.4
Latin America & the Caribbean (IDA & IBRD countries),TLA,1992,10560137.6
Least developed countries: UN classification,LDC,1992,6275923.004
Low & middle income,LMY,1992,31291813.354
Low income,LIC,1992,3490377.548
Lower middle income,LMC,1992,6385948.548
Middle East & North Africa,MEA,1992,205474.335
Middle East & North Africa (excluding high income),MNA,1992,191690.175
Middle East & North Africa (IDA & IBRD countries),TMN,1992,191599.375
Middle income,MIC,1992,27801435.806
North America,NAC,1992,6508469.38
Not classified,INX,1992,
OECD members,OED,1992,11437822.307
Other small states,OSS,1992,632426.748
Pacific island small states,PSS,1992,42365.62
Post-demographic dividend,PST,1992,9827862.769
Pre-demographic dividend,PRE,1992,6117186.448
Small states,SST,1992,1044317.828
South Asia,SAS,1992,832237.496
South Asia (IDA & IBRD),TSA,1992,832237.496
Sub-Saharan Africa,SSF,1992,7274186.996
Sub-Saharan Africa (excluding high income),SSA,1992,7273849.996
Sub-Saharan Africa (IDA & IBRD countries),TSS,1992,7274186.996
Upper middle income,UMC,1992,21415487.258
World,WLD,1992,42034236.563
Afghanistan,AFG,1993,12084.4
Albania,ALB,1993,7829.5
Algeria,DZA,1993,16406.0
American Samoa,ASM,1993,179.68
Andorra,AND,1993,160.0
Angola,AGO,1993,787965.29
Antigua and Barbuda,ATG,1993,99.12
Argentina,ARG,1993,346562.0
Armenia,ARM,1993,3341.03
Aruba,ABW,1993,4.2
Australia,AUS,1993,1332617.7
Austria,AUT,1993,37944.11
Azerbaijan,AZE,1993,9574.84
"Bahamas, The",BHS,1993,5098.6
Bahrain,BHR,1993,2.65
Bangladesh,BGD,1993,19203.294
Barbados,BRB,1993,63.0
Belarus,BLR,1993,79279.0
Belgium,BEL,1993,
Belize,BLZ,1993,15578.11
Benin,BEN,1993,46251.5
Bermuda,BMU,1993,10.0
Bhutan,BTN,1993,25365.04
Bolivia,BOL,1993,569937.21
Bosnia and Herzegovina,BIH,1993,21804.95
Botswana,BWA,1993,184488.0
Brazil,BRA,1993,5775551.8
British Virgin Islands,VGB,1993,36.98
Brunei Darussalam,BRN,1993,4082.0
Bulgaria,BGR,1993,33414.0
Burkina Faso,BFA,1993,75665.7
Burundi,BDI,1993,2517.18
Cabo Verde,CPV,1993,226.82
Cambodia,KHM,1993,109376.53
Cameroon,CMR,1993,222292.47
Canada,CAN,1993,3481316.42
Cayman Islands,CYM,1993,130.7
Central African Republic,CAF,1993,231130.0
Chad,TCD,1993,66169.0
Channel Islands,CHI,1993,8.3
Chile,CHL,1993,154173.53
China,CHN,1993,1630985.78
Colombia,COL,1993,642913.48
Comoros,COM,1993,447.46
"Congo, Dem. Rep.",COD,1993,1486100.0
"Congo, Rep.",COG,1993,222790.0
Costa Rica,CRI,1993,28923.46
Cote d'Ivoire,CIV,1993,70239.37
Croatia,HRV,1993,18605.0
Cuba,CUB,1993,21711.0
Curacao,CUW,1993,
Cyprus,CYP,1993,1642.6
Czechia,CZE,1993,26317.81
Denmark,DNK,1993,5434.88
Djibouti,DJI,1993,56.0
Dominica,DMA,1993,495.78
Dominican Republic,DOM,1993,17081.64
Ecuador,ECU,1993,143616.97
"Egypt, Arab Rep.",EGY,1993,484.3
El Salvador,SLV,1993,7053.8
Equatorial Guinea,GNQ,1993,26740.79
Eritrea,ERI,1993,11405.8
Estonia,EST,1993,22157.97
Eswatini,SWZ,1993,4647.82
Ethiopia,ETH,1993,190395.0
Faroe Islands,FRO,1993,0.8
Fiji,FJI,1993,9597.24
Finland,FIN,1993,220464.23
France,FRA,1993,146916.0
French Polynesia,PYF,1993,1456.66
Gabon,GAB,1993,237431.34
"Gambia, The",GMB,1993,3974.61
Georgia,GEO,1993,27547.9
Germany,DEU,1993,113162.0
Ghana,GHA,1993,96015.65
Gibraltar,GIB,1993,0.0
Greece,GRC,1993,33890.546
Greenland,GRL,1993,2.2
Grenada,GRD,1993,177.0
Guam,GUM,1993,240.0
Guatemala,GTM,1993,46096.0
Guinea,GIN,1993,71719.0
Guinea-Bissau,GNB,1993,22079.95
Guyana,GUY,1993,185907.71
Haiti,HTI,1993,3822.39
Honduras,HND,1993,69249.27
"Hong Kong SAR, China",HKG,1993,
Hungary,HUN,1993,18460.81
Iceland,ISL,1993,208.98
India,IND,1993,650339.0
Indonesia,IDN,1993,1133655.0
"Iran, Islamic Rep.",IRN,1993,91509.4
Iraq,IRQ,1993,8082.0
Ireland,IRL,1993,5122.56
Isle of Man,IMN,1993,34.6
Israel,ISR,1993,1383.0
Italy,ITA,1993,78236.0
Jamaica,JAM,1993,5211.96
Japan,JPN,1993,249278.0
Jordan,JOR,1993,975.0
Kazakhstan,KAZ,1993,31606.491
Kenya,KEN,1993,38893.35
Kiribati,KIR,1993,11.8
"Korea, Dem. People's Rep.",PRK,1993,67748.28
"Korea, Rep.",KOR,1993,65285.0
Kosovo,XKX,1993,
Kuwait,KWT,1993,38.7
Kyrgyz Republic,KGZ,1993,11497.658
Lao PDR,LAO,1993,177176.0
Latvia,LVA,1993,31934.0
Lebanon,LBN,1993,1392.44
Lesotho,LSO,1993,345.2
Liberia,LBR,1993,84344.6
Libya,LBY,1993,2170.0
Liechtenstein,LIE,1993,65.6
Lithuania,LTU,1993,19675.0
Luxembourg,LUX,1993,
"Macao SAR, China",MAC,1993,
Madagascar,MDG,1993,134946.16
Malawi,MWI,1993,33757.0
Malaysia,MYS,1993,203403.55
Maldives,MDV,1993,8.2
Mali,MLI,1993,132960.0
Malta,MLT,1993,3.5
Marshall Islands,MHL,1993,94.0
Mauritania,MRT,1993,4597.2
Mauritius,MUS,1993,413.28
Mexico,MEX,1993,699285.6
"Micronesia, Fed. Sts.",FSM,1993,636.64
Moldova,MDA,1993,3311.0
Monaco,MCO,1993,0.0
Mongolia,MNG,1993,143255.7
Montenegro,MNE,1993,
Morocco,MAR,1993,54916.65
Mozambique,MOZ,1993,427210.0
Myanmar,MMR,1993,379133.69
Namibia,NAM,1993,85561.442
Nauru,NRU,1993,0.0
Nepal,NPL,1993,57046.28
Netherlands,NLD,1993,3495.81
New Caledonia,NCL,1993,8331.46
New Zealand,NZL,1993,95157.21
Nicaragua,NIC,1993,60993.2
Niger,NER,1993,17599.3
Nigeria,NGA,1993,260361.75
North Macedonia,MKD,1993,9256.65
Northern Mariana Islands,MNP,1993,331.15
Norway,NOR,1993,121263.0
Oman,OMN,1993,30.0
Pakistan,PAK,1993,48441.31
Palau,PLW,1993,385.79
Panama,PAN,1993,45578.22
Papua New Guinea,PNG,1993,363631.659
Paraguay,PRY,1993,247795.97
Peru,PER,1993,761033.27
Philippines,PHL,1993,76379.45
Poland,POL,1993,89351.0
Portugal,PRT,1993,33636.0
Puerto Rico,PRI,1993,3529.76
Qatar,QAT,1993,0.0
Romania,ROU,1993,63695.0
Russian Federation,RUS,1993,8090454.8
Rwanda,RWA,1993,3080.0
Samoa,WSM,1993,1746.84
San Marino,SMR,1993,10.0
Sao Tome and Principe,STP,1993,585.42
Saudi Arabia,SAU,1993,9770.0
Senegal,SEN,1993,91681.6
Serbia,SRB,1993,
Seychelles,SYC,1993,337.0
Sierra Leone,SLE,1993,30675.19
Singapore,SGP,1993,154.829
Sint Maarten (Dutch part),SXM,1993,
Slovak Republic,SVK,1993,19021.59
Slovenia,SVN,1993,12015.0
Solomon Islands,SLB,1993,25427.17
Somalia,SOM,1993,80522.5
South Africa,ZAF,1993,180328.9
South Sudan,SSD,1993,
Spain,ESP,1993,148614.41
Sri Lanka,LKA,1993,22951.57
St. Kitts and Nevis,KNA,1993,110.0
St. Lucia,LCA,1993,211.92
St. Martin (French part),MAF,1993,
St. Vincent and the Grenadines,VCT,1993,278.4
Sudan,SDN,1993,302040.65
Suriname,SUR,1993,153666.02
Sweden,SWE,1993,280930.0
Switzerland,CHE,1993,11663.04
Syrian Arab Republic,SYR,1993,3900.8
Tajikistan,TJK,1993,4086.0
Tanzania,TZA,1993,562740.1
Thailand,THA,1993,192521.0
Timor-Leste,TLS,1993,9589.0
Togo,TGO,1993,13337.012
Tonga,TON,1993,89.5
Trinidad and Tobago,TTO,1993,2404.37
Tunisia,TUN,1993,6511.388
Turkiye,TUR,1993,198929.41
Turkmenistan,TKM,1993,41270.0
Turks and Caicos Islands,TCA,1993,105.2
Tuvalu,TUV,1993,10.0
Uganda,UGA,1993,34517.14
Ukraine,UKR,1993,93448.0
United Arab Emirates,ARE,1993,2643.29
United Kingdom,GBR,1993,28308.0
United States,USA,1993,3027758.0
Uruguay,URY,1993,9693.0
Uzbekistan,UZB,1993,26729.974
Vanuatu,VUT,1993,4423.0
"Venezuela, RB",VEN,1993,511635.0
Vietnam,VNM,1993,100984.02
Virgin Islands (U.S.),VIR,1993,233.19
West Bank and Gaza,PSE,1993,90.8
"Yemen, Rep.",YEM,1993,5490.0
Zambia,ZMB,1993,473046.0
Zimbabwe,ZWE,1993,186884.7
Africa Eastern and Southern,AFE,1993,5213175.392
Africa Western and Central,AFW,1993,2028282.852
Arab World,ARB,1993,500567.828
Caribbean small states,CSS,1993,369301.99
Central Europe and the Baltics,CEB,1993,354647.18
Early-demographic dividend,EAR,1993,8343910.279
East Asia & Pacific,EAS,1993,6387375.328
East Asia & Pacific (excluding high income),EAP,1993,4630261.639
East Asia & Pacific (IDA & IBRD countries),TEA,1993,4562513.359
Euro area,EMU,1993,927931.326
Europe & Central Asia,ECS,1993,10285828.049
Europe & Central Asia (excluding high income),ECA,1993,8693381.203
Europe & Central Asia (IDA & IBRD countries),TEC,1993,8865032.203
European Union,EUU,1993,1464139.826
Fragile and conflict affected situations,FCS,1993,5359209.449
Heavily indebted poor countries (HIPC),HPC,1993,6148826.742
High income,HIC,1993,10280020.675
IBRD only,IBD,1993,24828989.431
IDA & IBRD total,IBT,1993,32201473.078
IDA blend,IDB,1993,1390601.373
IDA only,IDX,1993,5981882.274
IDA total,IDA,1993,7372483.647
Late-demographic dividend,LTE,1993,17693528.957
Latin America & Caribbean,LCN,1993,10536048.83
Latin America & Caribbean (excluding high income),LAC,1993,9617246.25
Latin America & the Caribbean (IDA & IBRD countries),TLA,1993,10505136.2
Least developed countries: UN classification,LDC,1993,6247597.156
Low & middle income,LMY,1993,31209434.208
Low income,LIC,1993,3473650.272
Lower middle income,LMC,1993,6368863.573
Middle East & North Africa,MEA,1993,205855.918
Middle East & North Africa (excluding high income),MNA,1993,191984.778
Middle East & North Africa (IDA & IBRD countries),TMN,1993,191893.978
Middle income,MIC,1993,27735783.936
North America,NAC,1993,6509084.42
Not classified,INX,1993,
OECD members,OED,1993,11485243.556
Other small states,OSS,1993,630405.072
Pacific island small states,PSS,1993,42421.98
Post-demographic dividend,PST,1993,9860421.375
Pre-demographic dividend,PRE,1993,6100473.072
Small states,SST,1993,1042129.042
South Asia,SAS,1993,835439.094
South Asia (IDA & IBRD),TSA,1993,835439.094
Sub-Saharan Africa,SSF,1993,7241458.244
Sub-Saharan Africa (excluding high income),SSA,1993,7241121.244
Sub-Saharan Africa (IDA & IBRD countries),TSS,1993,7241458.244
Upper middle income,UMC,1993,21366920.363
World,WLD,1993,42001089.883
Afghanistan,AFG,1994,12084.4
Albania,ALB,1994,7810.0
Algeria,DZA,1994,16318.0
American Samoa,ASM,1994,179.34
Andorra,AND,1994,160.0
Angola,AGO,1994,786411.12
Antigua and Barbuda,ATG,1994,98.46
Argentina,ARG,1994,344736.0
Armenia,ARM,1994,3338.94
Aruba,ABW,1994,4.2
Australia,AUS,1994,1330549.6
Austria,AUT,1994,38006.58
Azerbaijan,AZE,1994,9617.32
"Bahamas, The",BHS,1994,5098.6
Bahrain,BHR,1994,2.8
Bangladesh,BGD,1994,19203.292
Barbados,BRB,1994,63.0
Belarus,BLR,1994,79772.0
Belgium,BEL,1994,
Belize,BLZ,1994,15437.38
Benin,BEN,1994,45551.5
Bermuda,BMU,1994,10.0
Bhutan,BTN,1994,25464.32
Bolivia,BOL,1994,567233.88
Bosnia and Herzegovina,BIH,1994,21706.6
Botswana,BWA,1994,183305.0
Brazil,BRA,1994,5737742.4
British Virgin Islands,VGB,1994,36.94
Brunei Darussalam,BRN,1994,4066.0
Bulgaria,BGR,1994,33462.0
Burkina Faso,BFA,1994,75165.6
Burundi,BDI,1994,2434.64
Cabo Verde,CPV,1994,251.16
Cambodia,KHM,1994,109152.74
Cameroon,CMR,1994,221389.96
Canada,CAN,1994,3480845.46
Cayman Islands,CYM,1994,130.5
Central African Republic,CAF,1994,230830.0
Chad,TCD,1994,65792.0
Channel Islands,CHI,1994,8.3
Chile,CHL,1994,154744.54
China,CHN,1994,1650845.74
Colombia,COL,1994,640690.84
Comoros,COM,1994,443.08
"Congo, Dem. Rep.",COD,1994,1479370.0
"Congo, Rep.",COG,1994,222670.0
Costa Rica,CRI,1994,28873.28
Cote d'Ivoire,CIV,1994,67482.96
Croatia,HRV,1994,18640.0
Cuba,CUB,1994,22088.0
Curacao,CUW,1994,
Cyprus,CYP,1994,1653.1
Czechia,CZE,1994,26325.68
Denmark,DNK,1994,5475.04
Djibouti,DJI,1994,56.0
Dominica,DMA,1994,493.34
Dominican Republic,DOM,1994,17459.22
Ecuador,ECU,1994,142715.26
"Egypt, Arab Rep.",EGY,1994,499.7
El Salvador,SLV,1994,7008.8
Equatorial Guinea,GNQ,1994,26657.22
Eritrea,ERI,1994,11374.2
Estonia,EST,1994,22190.96
Eswatini,SWZ,1994,4659.96
Ethiopia,ETH,1994,189665.0
Faroe Islands,FRO,1994,0.8
Fiji,FJI,1994,9664.02
Finland,FIN,1994,221034.54
France,FRA,1994,147768.0
French Polynesia,PYF,1994,1460.78
Gabon,GAB,1994,237369.72
"Gambia, The",GMB,1994,3917.28
Georgia,GEO,1994,27556.2
Germany,DEU,1994,113216.0
Ghana,GHA,1994,94940.0
Gibraltar,GIB,1994,0.0
Greece,GRC,1994,34192.224
Greenland,GRL,1994,2.2
Grenada,GRD,1994,177.0
Guam,GUM,1994,240.0
Guatemala,GTM,1994,45524.0
Guinea,GIN,1994,71372.0
Guinea-Bissau,GNB,1994,21995.5
Guyana,GUY,1994,185869.78
Haiti,HTI,1994,3820.12
Honduras,HND,1994,69039.76
"Hong Kong SAR, China",HKG,1994,
Hungary,HUN,1994,18568.08
Iceland,ISL,1994,221.74
India,IND,1994,653992.0
Indonesia,IDN,1994,1116390.0
"Iran, Islamic Rep.",IRN,1994,91759.0
Iraq,IRQ,1994,8096.0
Ireland,IRL,1994,5291.28
Isle of Man,IMN,1994,34.6
Israel,ISR,1994,1404.0
Italy,ITA,1994,79015.5
Jamaica,JAM,1994,5211.68
Japan,JPN,1994,249204.0
Jordan,JOR,1994,975.0
Kazakhstan,KAZ,1994,31601.172
Kenya,KEN,1994,38996.0
Kiribati,KIR,1994,11.8
"Korea, Dem. People's Rep.",PRK,1994,67290.94
"Korea, Rep.",KOR,1994,65210.0
Kosovo,XKX,1994,
Kuwait,KWT,1994,40.1
Kyrgyz Republic,KGZ,1994,11542.135
Lao PDR,LAO,1994,176758.0
Latvia,LVA,1994,32002.0
Lebanon,LBN,1994,1390.92
Lesotho,LSO,1994,345.2
Liberia,LBR,1994,84042.0
Libya,LBY,1994,2170.0
Liechtenstein,LIE,1994,65.8
Lithuania,LTU,1994,19750.0
Luxembourg,LUX,1994,
"Macao SAR, China",MAC,1994,
Madagascar,MDG,1994,134283.38
Malawi,MWI,1994,33337.0
Malaysia,MYS,1994,202476.4
Maldives,MDV,1994,8.2
Mali,MLI,1994,132960.0
Malta,MLT,1994,3.5
Marshall Islands,MHL,1994,94.0
Mauritania,MRT,1994,4542.8
Mauritius,MUS,1994,414.14
Mexico,MEX,1994,697075.3
"Micronesia, Fed. Sts.",FSM,1994,636.92
Moldova,MDA,1994,3330.0
Monaco,MCO,1994,0.0
Mongolia,MNG,1994,143167.6
Montenegro,MNE,1994,
Morocco,MAR,1994,54937.9
Mozambique,MOZ,1994,425020.0
Myanmar,MMR,1994,374783.32
Namibia,NAM,1994,84851.356
Nauru,NRU,1994,0.0
Nepal,NPL,1994,57155.04
Netherlands,NLD,1994,3509.98
New Caledonia,NCL,1994,8338.18
New Zealand,NZL,1994,95635.38
Nicaragua,NIC,1994,59993.2
Niger,NER,1994,16982.4
Nigeria,NGA,1994,258728.7
North Macedonia,MKD,1994,9302.2
Northern Mariana Islands,MNP,1994,329.5
Norway,NOR,1994,121244.0
Oman,OMN,1994,30.0
Pakistan,PAK,1994,47965.78
Palau,PLW,1994,387.22
Panama,PAN,1994,45412.96
Papua New Guinea,PNG,1994,363509.945
Paraguay,PRY,1994,245241.76
Peru,PER,1994,759882.56
Philippines,PHL,1994,75909.9
Poland,POL,1994,89528.0
Portugal,PRT,1994,33518.0
Puerto Rico,PRI,1994,3638.58
Qatar,QAT,1994,0.0
Romania,ROU,1994,63690.0
Russian Federation,RUS,1994,8090773.4
Rwanda,RWA,1994,3050.0
Samoa,WSM,1994,1742.02
San Marino,SMR,1994,10.0
Sao Tome and Principe,STP,1994,585.16
Saudi Arabia,SAU,1994,9770.0
Senegal,SEN,1994,91231.6
Serbia,SRB,1994,
Seychelles,SYC,1994,337.0
Sierra Leone,SLE,1994,30477.92
Singapore,SGP,1994,157.015
Sint Maarten (Dutch part),SXM,1994,
Slovak Republic,SVK,1994,19020.52
Slovenia,SVN,1994,12060.0
Solomon Islands,SLB,1994,25419.86
Somalia,SOM,1994,79755.0
South Africa,ZAF,1994,179964.9
South Sudan,SSD,1994,
Spain,ESP,1994,151803.68
Sri Lanka,LKA,1994,22767.66
St. Kitts and Nevis,KNA,1994,110.0
St. Lucia,LCA,1994,211.66
St. Martin (French part),MAF,1994,
St. Vincent and the Grenadines,VCT,1994,279.4
Sudan,SDN,1994,300296.5
Suriname,SUR,1994,153629.26
Sweden,SWE,1994,281030.0
Switzerland,CHE,1994,11705.72
Syrian Arab Republic,SYR,1994,3960.8
Tajikistan,TJK,1994,4088.0
Tanzania,TZA,1994,559020.1
Thailand,THA,1994,192158.0
Timor-Leste,TLS,1994,9575.0
Togo,TGO,1994,13243.816
Tonga,TON,1994,89.5
Trinidad and Tobago,TTO,1994,2398.96
Tunisia,TUN,1994,6535.261
Turkiye,TUR,1994,199294.28
Turkmenistan,TKM,1994,41270.0
Turks and Caicos Islands,TCA,1994,105.2
Tuvalu,TUV,1994,10.0
Uganda,UGA,1994,34104.62
Ukraine,UKR,1994,93684.0
United Arab Emirates,ARE,1994,2707.72
United Kingdom,GBR,1994,28484.0
United States,USA,1994,3028844.0
Uruguay,URY,1994,10264.0
Uzbekistan,UZB,1994,27142.065
Vanuatu,VUT,1994,4423.0
"Venezuela, RB",VEN,1994,508760.0
Vietnam,VNM,1994,103392.16
Virgin Islands (U.S.),VIR,1994,229.12
West Bank and Gaza,PSE,1994,90.8
"Yemen, Rep.",YEM,1994,5490.0
Zambia,ZMB,1994,472688.0
Zimbabwe,ZWE,1994,186424.0
Africa Eastern and Southern,AFE,1994,5191135.356
Africa Western and Central,AFW,1994,2017594.136
Arab World,ARB,1994,498108.381
Caribbean small states,CSS,1994,369078.52
Central Europe and the Baltics,CEB,1994,355237.24
Early-demographic dividend,EAR,1994,8304878.838
East Asia & Pacific,EAS,1994,6383257.88
East Asia & Pacific (excluding high income),EAP,1994,4627888.085
East Asia & Pacific (IDA & IBRD countries),TEA,1994,4560597.145
Euro area,EMU,1994,934035.864
Europe & Central Asia,ECS,1994,10294516.636
Europe & Central Asia (excluding high income),ECA,1994,8695290.312
Europe & Central Asia (IDA & IBRD countries),TEC,1994,8867148.312
European Union,EUU,1994,1470754.664
Fragile and conflict affected situations,FCS,1994,5334872.665
Heavily indebted poor countries (HIPC),HPC,1994,6118055.156
High income,HIC,1994,10286795.539
IBRD only,IBD,1994,24779997.869
IDA & IBRD total,IBT,1994,32117439.022
IDA blend,IDB,1994,1387478.03
IDA only,IDX,1994,5949963.123
IDA total,IDA,1994,7337441.153
Late-demographic dividend,LTE,1994,17675986.528
Latin America & Caribbean,LCN,1994,10481528.94
Latin America & Caribbean (excluding high income),LAC,1994,9564564.1
Latin America & the Caribbean (IDA & IBRD countries),TLA,1994,10450134.8
Least developed countries: UN classification,LDC,1994,6219271.308
Low & middle income,LMY,1994,31127055.062
Low income,LIC,1994,3456922.996
Lower middle income,LMC,1994,6351778.598
Middle East & North Africa,MEA,1994,206237.501
Middle East & North Africa (excluding high income),MNA,1994,192279.381
Middle East & North Africa (IDA & IBRD countries),TMN,1994,192188.581
Middle income,MIC,1994,27670132.066
North America,NAC,1994,6509699.46
Not classified,INX,1994,
OECD members,OED,1994,11487332.204
Other small states,OSS,1994,628383.396
Pacific island small states,PSS,1994,42478.34
Post-demographic dividend,PST,1994,9866670.039
Pre-demographic dividend,PRE,1994,6072322.296
Small states,SST,1994,1039940.256
South Asia,SAS,1994,838640.692
South Asia (IDA & IBRD),TSA,1994,838640.692
Sub-Saharan Africa,SSF,1994,7208729.492
Sub-Saharan Africa (excluding high income),SSA,1994,7208392.492
Sub-Saharan Africa (IDA & IBRD countries),TSS,1994,7208729.492
Upper middle income,UMC,1994,21318353.468
World,WLD,1994,41922610.601
Afghanistan,AFG,1995,12084.4
Albania,ALB,1995,7790.5
Algeria,DZA,1995,16230.0
American Samoa,ASM,1995,179.0
Andorra,AND,1995,160.0
Angola,AGO,1995,784856.95
Antigua and Barbuda,ATG,1995,97.8
Argentina,ARG,1995,342910.0
Armenia,ARM,1995,3336.85
Aruba,ABW,1995,4.2
Australia,AUS,1995,1328481.5
Austria,AUT,1995,38069.05
Azerbaijan,AZE,1995,9659.8
"Bahamas, The",BHS,1995,5098.6
Bahrain,BHR,1995,2.95
Bangladesh,BGD,1995,19203.29
Barbados,BRB,1995,63.0
Belarus,BLR,1995,80265.0
Belgium,BEL,1995,
Belize,BLZ,1995,15296.65
Benin,BEN,1995,44851.5
Bermuda,BMU,1995,10.0
Bhutan,BTN,1995,25563.6
Bolivia,BOL,1995,564530.55
Bosnia and Herzegovina,BIH,1995,21608.25
Botswana,BWA,1995,182122.0
Brazil,BRA,1995,5699933.0
British Virgin Islands,VGB,1995,36.9
Brunei Darussalam,BRN,1995,4050.0
Bulgaria,BGR,1995,33510.0
Burkina Faso,BFA,1995,74665.5
Burundi,BDI,1995,2352.1
Cabo Verde,CPV,1995,275.5
Cambodia,KHM,1995,108928.95
Cameroon,CMR,1995,220487.45
Canada,CAN,1995,3480374.5
Cayman Islands,CYM,1995,130.3
Central African Republic,CAF,1995,230530.0
Chad,TCD,1995,65415.0
Channel Islands,CHI,1995,8.3
Chile,CHL,1995,155315.55
China,CHN,1995,1670705.7
Colombia,COL,1995,638468.2
Comoros,COM,1995,438.7
"Congo, Dem. Rep.",COD,1995,1472640.0
"Congo, Rep.",COG,1995,222550.0
Costa Rica,CRI,1995,28823.1
Cote d'Ivoire,CIV,1995,64726.55
Croatia,HRV,1995,18675.0
Cuba,CUB,1995,22465.0
Curacao,CUW,1995,
Cyprus,CYP,1995,1663.6
Czechia,CZE,1995,26333.55
Denmark,DNK,1995,5515.2
Djibouti,DJI,1995,56.0
Dominica,DMA,1995,490.9
Dominican Republic,DOM,1995,17836.8
Ecuador,ECU,1995,141813.55
"Egypt, Arab Rep.",EGY,1995,515.1
El Salvador,SLV,1995,6963.8
Equatorial Guinea,GNQ,1995,26573.65
Eritrea,ERI,1995,11342.6
Estonia,EST,1995,22223.95
Eswatini,SWZ,1995,4672.1
Ethiopia,ETH,1995,188935.0
Faroe Islands,FRO,1995,0.8
Fiji,FJI,1995,9730.8
Finland,FIN,1995,221604.85
France,FRA,1995,148620.0
French Polynesia,PYF,1995,1464.9
Gabon,GAB,1995,237308.1
"Gambia, The",GMB,1995,3859.95
Georgia,GEO,1995,27564.5
Germany,DEU,1995,113270.0
Ghana,GHA,1995,93864.35
Gibraltar,GIB,1995,0.0
Greece,GRC,1995,34493.903
Greenland,GRL,1995,2.2
Grenada,GRD,1995,177.0
Guam,GUM,1995,240.0
Guatemala,GTM,1995,44952.0
Guinea,GIN,1995,71025.0
Guinea-Bissau,GNB,1995,21911.05
Guyana,GUY,1995,185831.85
Haiti,HTI,1995,3817.85
Honduras,HND,1995,68830.25
"Hong Kong SAR, China",HKG,1995,
Hungary,HUN,1995,18675.35
Iceland,ISL,1995,234.5
India,IND,1995,657645.0
Indonesia,IDN,1995,1099125.0
"Iran, Islamic Rep.",IRN,1995,92008.6
Iraq,IRQ,1995,8110.0
Ireland,IRL,1995,5460.0
Isle of Man,IMN,1995,34.6
Israel,ISR,1995,1425.0
Italy,ITA,1995,79795.0
Jamaica,JAM,1995,5211.4
Japan,JPN,1995,249130.0
Jordan,JOR,1995,975.0
Kazakhstan,KAZ,1995,31595.853
Kenya,KEN,1995,39098.65
Kiribati,KIR,1995,11.8
"Korea, Dem. People's Rep.",PRK,1995,66833.6
"Korea, Rep.",KOR,1995,65135.0
Kosovo,XKX,1995,
Kuwait,KWT,1995,41.5
Kyrgyz Republic,KGZ,1995,11586.613
Lao PDR,LAO,1995,176340.0
Latvia,LVA,1995,32070.0
Lebanon,LBN,1995,1389.4
Lesotho,LSO,1995,345.2
Liberia,LBR,1995,83739.4
Libya,LBY,1995,2170.0
Liechtenstein,LIE,1995,66.0
Lithuania,LTU,1995,19825.0
Luxembourg,LUX,1995,
"Macao SAR, China",MAC,1995,
Madagascar,MDG,1995,133620.6
Malawi,MWI,1995,32917.0
Malaysia,MYS,1995,201549.25
Maldives,MDV,1995,8.2
Mali,MLI,1995,132960.0
Malta,MLT,1995,3.5
Marshall Islands,MHL,1995,94.0
Mauritania,MRT,1995,4488.4
Mauritius,MUS,1995,415.0
Mexico,MEX,1995,694865.0
"Micronesia, Fed. Sts.",FSM,1995,637.2
Moldova,MDA,1995,3349.0
Monaco,MCO,1995,0.0
Mongolia,MNG,1995,143079.5
Montenegro,MNE,1995,
Morocco,MAR,1995,54959.15
Mozambique,MOZ,1995,422830.0
Myanmar,MMR,1995,370432.95
Namibia,NAM,1995,84141.27
Nauru,NRU,1995,0.0
Nepal,NPL,1995,57263.8
Netherlands,NLD,1995,3524.15
New Caledonia,NCL,1995,8344.9
New Zealand,NZL,1995,96113.55
Nicaragua,NIC,1995,58993.2
Niger,NER,1995,16365.5
Nigeria,NGA,1995,257095.65
North Macedonia,MKD,1995,9347.75
Northern Mariana Islands,MNP,1995,327.85
Norway,NOR,1995,121225.0
Oman,OMN,1995,30.0
Pakistan,PAK,1995,47490.25
Palau,PLW,1995,388.65
Panama,PAN,1995,45247.7
Papua New Guinea,PNG,1995,363388.231
Paraguay,PRY,1995,242687.55
Peru,PER,1995,758731.85
Philippines,PHL,1995,75440.35
Poland,POL,1995,89705.0
Portugal,PRT,1995,33400.0
Puerto Rico,PRI,1995,3747.4
Qatar,QAT,1995,0.0
Romania,ROU,1995,63685.0
Russian Federation,RUS,1995,8091092.0
Rwanda,RWA,1995,3020.0
Samoa,WSM,1995,1737.2
San Marino,SMR,1995,10.0
Sao Tome and Principe,STP,1995,584.9
Saudi Arabia,SAU,1995,9770.0
Senegal,SEN,1995,90781.6
Serbia,SRB,1995,
Seychelles,SYC,1995,337.0
Sierra Leone,SLE,1995,30280.65
Singapore,SGP,1995,159.202
Sint Maarten (Dutch part),SXM,1995,
Slovak Republic,SVK,1995,19019.45
Slovenia,SVN,1995,12105.0
Solomon Islands,SLB,1995,25412.55
Somalia,SOM,1995,78987.5
South Africa,ZAF,1995,179600.9
South Sudan,SSD,1995,
Spain,ESP,1995,154992.95
Sri Lanka,LKA,1995,22583.75
St. Kitts and Nevis,KNA,1995,110.0
St. Lucia,LCA,1995,211.4
St. Martin (French part),MAF,1995,
St. Vincent and the Grenadines,VCT,1995,280.4
Sudan,SDN,1995,298552.35
Suriname,SUR,1995,153592.5
Sweden,SWE,1995,281130.0
Switzerland,CHE,1995,11748.4
Syrian Arab Republic,SYR,1995,4020.8
Tajikistan,TJK,1995,4090.0
Tanzania,TZA,1995,555300.1
Thailand,THA,1995,191795.0
Timor-Leste,TLS,1995,9561.0
Togo,TGO,1995,13150.62
Tonga,TON,1995,89.5
Trinidad and Tobago,TTO,1995,2393.55
Tunisia,TUN,1995,6559.135
Turkiye,TUR,1995,199659.15
Turkmenistan,TKM,1995,41270.0
Turks and Caicos Islands,TCA,1995,105.2
Tuvalu,TUV,1995,10.0
Uganda,UGA,1995,33692.1
Ukraine,UKR,1995,93920.0
United Arab Emirates,ARE,1995,2772.15
United Kingdom,GBR,1995,28660.0
United States,USA,1995,3029930.0
Uruguay,URY,1995,10835.0
Uzbekistan,UZB,1995,27554.156
Vanuatu,VUT,1995,4423.0
"Venezuela, RB",VEN,1995,505885.0
Vietnam,VNM,1995,105800.3
Virgin Islands (U.S.),VIR,1995,225.05
West Bank and Gaza,PSE,1995,90.8
"Yemen, Rep.",YEM,1995,5490.0
Zambia,ZMB,1995,472330.0
Zimbabwe,ZWE,1995,185963.3
Africa Eastern and Southern,AFE,1995,5169095.32
Africa Western and Central,AFW,1995,2006905.42
Arab World,ARB,1995,495648.935
Caribbean small states,CSS,1995,368855.05
Central Europe and the Baltics,CEB,1995,355827.3
Early-demographic dividend,EAR,1995,8265847.397
East Asia & Pacific,EAS,1995,6379140.433
East Asia & Pacific (excluding high income),EAP,1995,4625514.531
East Asia & Pacific (IDA & IBRD countries),TEA,1995,4558680.931
Euro area,EMU,1995,940140.403
Europe & Central Asia,ECS,1995,10303205.225
Europe & Central Asia (excluding high income),ECA,1995,8697199.422
Europe & Central Asia (IDA & IBRD countries),TEC,1995,8869264.422
European Union,EUU,1995,1477369.503
Fragile and conflict affected situations,FCS,1995,5310535.881
Heavily indebted poor countries (HIPC),HPC,1995,6087283.57
High income,HIC,1995,10293570.405
IBRD only,IBD,1995,24731006.308
IDA & IBRD total,IBT,1995,32033404.968
IDA blend,IDB,1995,1384354.687
IDA only,IDX,1995,5918043.973
IDA total,IDA,1995,7302398.66
Late-demographic dividend,LTE,1995,17658444.101
Latin America & Caribbean,LCN,1995,10427009.05
Latin America & Caribbean (excluding high income),LAC,1995,9511881.95
Latin America & the Caribbean (IDA & IBRD countries),TLA,1995,10395133.4
Least developed countries: UN classification,LDC,1995,6190945.46
Low & middle income,LMY,1995,31044675.918
Low income,LIC,1995,3440195.72
Lower middle income,LMC,1995,6334693.625
Middle East & North Africa,MEA,1995,206619.085
Middle East & North Africa (excluding high income),MNA,1995,192573.985
Middle East & North Africa (IDA & IBRD countries),TMN,1995,192483.185
Middle income,MIC,1995,27604480.198
North America,NAC,1995,6510314.5
Not classified,INX,1995,
OECD members,OED,1995,11489420.853
Other small states,OSS,1995,626361.72
Pacific island small states,PSS,1995,42534.7
Post-demographic dividend,PST,1995,9872918.705
Pre-demographic dividend,PRE,1995,6044171.52
Small states,SST,1995,1037751.47
South Asia,SAS,1995,841842.29
South Asia (IDA & IBRD),TSA,1995,841842.29
Sub-Saharan Africa,SSF,1995,7176000.74
Sub-Saharan Africa (excluding high income),SSA,1995,7175663.74
Sub-Saharan Africa (IDA & IBRD countries),TSS,1995,7176000.74
Upper middle income,UMC,1995,21269786.573
World,WLD,1995,41844131.323
Afghanistan,AFG,1996,12084.4
Albania,ALB,1996,7771.0
Algeria,DZA,1996,16142.0
American Samoa,ASM,1996,178.66
Andorra,AND,1996,160.0
Angola,AGO,1996,783302.78
Antigua and Barbuda,ATG,1996,97.14
Argentina,ARG,1996,341084.0
Armenia,ARM,1996,3334.76
Aruba,ABW,1996,4.2
Australia,AUS,1996,1326413.4
Austria,AUT,1996,38131.52
Azerbaijan,AZE,1996,9702.28
"Bahamas, The",BHS,1996,5098.6
Bahrain,BHR,1996,3.1
Bangladesh,BGD,1996,19203.289
Barbados,BRB,1996,63.0
Belarus,BLR,1996,80758.0
Belgium,BEL,1996,
Belize,BLZ,1996,15155.92
Benin,BEN,1996,44151.5
Bermuda,BMU,1996,10.0
Bhutan,BTN,1996,25662.88
Bolivia,BOL,1996,561827.22
Bosnia and Herzegovina,BIH,1996,21509.9
Botswana,BWA,1996,180939.0
Brazil,BRA,1996,5662123.6
British Virgin Islands,VGB,1996,36.86
Brunei Darussalam,BRN,1996,4034.0
Bulgaria,BGR,1996,33558.0
Burkina Faso,BFA,1996,74165.4
Burundi,BDI,1996,2269.56
Cabo Verde,CPV,1996,299.84
Cambodia,KHM,1996,108705.16
Cameroon,CMR,1996,219584.94
Canada,CAN,1996,3479903.54
Cayman Islands,CYM,1996,130.1
Central African Republic,CAF,1996,230230.0
Chad,TCD,1996,65038.0
Channel Islands,CHI,1996,8.3
Chile,CHL,1996,155886.56
China,CHN,1996,1690565.66
Colombia,COL,1996,636245.56
Comoros,COM,1996,434.32
"Congo, Dem. Rep.",COD,1996,1465910.0
"Congo, Rep.",COG,1996,222430.0
Costa Rica,CRI,1996,28772.92
Cote d'Ivoire,CIV,1996,61970.14
Croatia,HRV,1996,18710.0
Cuba,CUB,1996,22842.0
Curacao,CUW,1996,
Cyprus,CYP,1996,1674.1
Czechia,CZE,1996,26341.42
Denmark,DNK,1996,5555.36
Djibouti,DJI,1996,56.0
Dominica,DMA,1996,488.46
Dominican Republic,DOM,1996,18214.38
Ecuador,ECU,1996,140911.84
"Egypt, Arab Rep.",EGY,1996,530.5
El Salvador,SLV,1996,6918.8
Equatorial Guinea,GNQ,1996,26490.08
Eritrea,ERI,1996,11311.0
Estonia,EST,1996,22256.94
Eswatini,SWZ,1996,4684.24
Ethiopia,ETH,1996,188205.0
Faroe Islands,FRO,1996,0.8
Fiji,FJI,1996,9797.58
Finland,FIN,1996,222175.16
France,FRA,1996,149472.0
French Polynesia,PYF,1996,1469.02
Gabon,GAB,1996,237246.48
"Gambia, The",GMB,1996,3802.62
Georgia,GEO,1996,27572.8
Germany,DEU,1996,113324.0
Ghana,GHA,1996,92788.7
Gibraltar,GIB,1996,0.0
Greece,GRC,1996,34795.582
Greenland,GRL,1996,2.2
Grenada,GRD,1996,177.0
Guam,GUM,1996,240.0
Guatemala,GTM,1996,44380.0
Guinea,GIN,1996,70678.0
Guinea-Bissau,GNB,1996,21826.6
Guyana,GUY,1996,185793.92
Haiti,HTI,1996,3815.58
Honduras,HND,1996,68620.74
"Hong Kong SAR, China",HKG,1996,
Hungary,HUN,1996,18782.62
Iceland,ISL,1996,247.26
India,IND,1996,661298.0
Indonesia,IDN,1996,1081860.0
"Iran, Islamic Rep.",IRN,1996,92258.2
Iraq,IRQ,1996,8124.0
Ireland,IRL,1996,5628.72
Isle of Man,IMN,1996,34.6
Israel,ISR,1996,1446.0
Italy,ITA,1996,80574.5
Jamaica,JAM,1996,5211.12
Japan,JPN,1996,249056.0
Jordan,JOR,1996,975.0
Kazakhstan,KAZ,1996,31590.534
Kenya,KEN,1996,39201.3
Kiribati,KIR,1996,11.8
"Korea, Dem. People's Rep.",PRK,1996,66376.26
"Korea, Rep.",KOR,1996,65060.0
Kosovo,XKX,1996,
Kuwait,KWT,1996,42.9
Kyrgyz Republic,KGZ,1996,11631.09
Lao PDR,LAO,1996,175922.0
Latvia,LVA,1996,32138.0
Lebanon,LBN,1996,1387.88
Lesotho,LSO,1996,345.2
Liberia,LBR,1996,83436.8
Libya,LBY,1996,2170.0
Liechtenstein,LIE,1996,66.2
Lithuania,LTU,1996,19900.0
Luxembourg,LUX,1996,
"Macao SAR, China",MAC,1996,
Madagascar,MDG,1996,132957.82
Malawi,MWI,1996,32497.0
Malaysia,MYS,1996,200622.1
Maldives,MDV,1996,8.2
Mali,MLI,1996,132960.0
Malta,MLT,1996,3.5
Marshall Islands,MHL,1996,94.0
Mauritania,MRT,1996,4434.0
Mauritius,MUS,1996,415.86
Mexico,MEX,1996,692654.7
"Micronesia, Fed. Sts.",FSM,1996,637.48
Moldova,MDA,1996,3368.0
Monaco,MCO,1996,0.0
Mongolia,MNG,1996,142991.4
Montenegro,MNE,1996,
Morocco,MAR,1996,54980.4
Mozambique,MOZ,1996,420640.0
Myanmar,MMR,1996,366082.58
Namibia,NAM,1996,83431.184
Nauru,NRU,1996,0.0
Nepal,NPL,1996,57372.56
Netherlands,NLD,1996,3538.32
New Caledonia,NCL,1996,8351.62
New Zealand,NZL,1996,96591.72
Nicaragua,NIC,1996,57993.2
Niger,NER,1996,15748.6
Nigeria,NGA,1996,255462.6
North Macedonia,MKD,1996,9393.3
Northern Mariana Islands,MNP,1996,326.2
Norway,NOR,1996,121206.0
Oman,OMN,1996,30.0
Pakistan,PAK,1996,47014.72
Palau,PLW,1996,390.08
Panama,PAN,1996,45082.44
Papua New Guinea,PNG,1996,363266.518
Paraguay,PRY,1996,240133.34
Peru,PER,1996,757581.14
Philippines,PHL,1996,74970.8
Poland,POL,1996,89882.0
Portugal,PRT,1996,33282.0
Puerto Rico,PRI,1996,3856.22
Qatar,QAT,1996,0.0
Romania,ROU,1996,63680.0
Russian Federation,RUS,1996,8091410.6
Rwanda,RWA,1996,2990.0
Samoa,WSM,1996,1732.38
San Marino,SMR,1996,10.0
Sao Tome and Principe,STP,1996,584.64
Saudi Arabia,SAU,1996,9770.0
Senegal,SEN,1996,90331.6
Serbia,SRB,1996,
Seychelles,SYC,1996,337.0
Sierra Leone,SLE,1996,30083.38
Singapore,SGP,1996,161.389
Sint Maarten (Dutch part),SXM,1996,
Slovak Republic,SVK,1996,19018.38
Slovenia,SVN,1996,12150.0
Solomon Islands,SLB,1996,25405.24
Somalia,SOM,1996,78220.0
South Africa,ZAF,1996,179236.9
South Sudan,SSD,1996,
Spain,ESP,1996,158182.22
Sri Lanka,LKA,1996,22399.84
St. Kitts and Nevis,KNA,1996,110.0
St. Lucia,LCA,1996,211.14
St. Martin (French part),MAF,1996,
St. Vincent and the Grenadines,VCT,1996,281.4
Sudan,SDN,1996,296808.2
Suriname,SUR,1996,153555.74
Sweden,SWE,1996,281230.0
Switzerland,CHE,1996,11791.08
Syrian Arab Republic,SYR,1996,4080.8
Tajikistan,TJK,1996,4092.0
Tanzania,TZA,1996,551580.1
Thailand,THA,1996,191432.0
Timor-Leste,TLS,1996,9547.0
Togo,TGO,1996,13057.424
Tonga,TON,1996,89.5
Trinidad and Tobago,TTO,1996,2388.14
Tunisia,TUN,1996,6583.008
Turkiye,TUR,1996,200024.02
Turkmenistan,TKM,1996,41270.0
Turks and Caicos Islands,TCA,1996,105.2
Tuvalu,TUV,1996,10.0
Uganda,UGA,1996,33279.58
Ukraine,UKR,1996,94156.0
United Arab Emirates,ARE,1996,2836.58
United Kingdom,GBR,1996,28836.0
United States,USA,1996,3031016.0
Uruguay,URY,1996,11406.0
Uzbekistan,UZB,1996,27966.247
Vanuatu,VUT,1996,4423.0
"Venezuela, RB",VEN,1996,503010.0
Vietnam,VNM,1996,108208.44
Virgin Islands (U.S.),VIR,1996,220.98
West Bank and Gaza,PSE,1996,90.8
"Yemen, Rep.",YEM,1996,5490.0
Zambia,ZMB,1996,471972.0
Zimbabwe,ZWE,1996,185502.6
Africa Eastern and Southern,AFE,1996,5147055.284
Africa Western and Central,AFW,1996,1996216.704
Arab World,ARB,1996,493189.488
Caribbean small states,CSS,1996,368631.58
Central Europe and the Baltics,CEB,1996,356417.36
Early-demographic dividend,EAR,1996,8226815.958
East Asia & Pacific,EAS,1996,6375022.987
East Asia & Pacific (excluding high income),EAP,1996,4623140.978
East Asia & Pacific (IDA & IBRD countries),TEA,1996,4556764.718
Euro area,EMU,1996,946244.942
Europe & Central Asia,ECS,1996,10311893.813
Europe & Central Asia (excluding high income),ECA,1996,8699108.531
Europe & Central Asia (IDA & IBRD countries),TEC,1996,8871380.531
European Union,EUU,1996,1483984.342
Fragile and conflict affected situations,FCS,1996,5286199.098
Heavily indebted poor countries (HIPC),HPC,1996,6056511.984
High income,HIC,1996,10300345.271
IBRD only,IBD,1996,24682014.746
IDA & IBRD total,IBT,1996,31949370.914
IDA blend,IDB,1996,1381231.345
IDA only,IDX,1996,5886124.823
IDA total,IDA,1996,7267356.168
Late-demographic dividend,LTE,1996,17640901.672
Latin America & Caribbean,LCN,1996,10372489.16
Latin America & Caribbean (excluding high income),LAC,1996,9459199.8
Latin America & the Caribbean (IDA & IBRD countries),TLA,1996,10340132.0
Least developed countries: UN classification,LDC,1996,6162619.613
Low & middle income,LMY,1996,30962296.774
Low income,LIC,1996,3423468.444
Lower middle income,LMC,1996,6317608.652
Middle East & North Africa,MEA,1996,207000.668
Middle East & North Africa (excluding high income),MNA,1996,192868.588
Middle East & North Africa (IDA & IBRD countries),TMN,1996,192777.788
Middle income,MIC,1996,27538828.33
North America,NAC,1996,6510929.54
Not classified,INX,1996,
OECD members,OED,1996,11491509.502
Other small states,OSS,1996,624340.044
Pacific island small states,PSS,1996,42591.06
Post-demographic dividend,PST,1996,9879167.371
Pre-demographic dividend,PRE,1996,6016020.744
Small states,SST,1996,1035562.684
South Asia,SAS,1996,845043.889
South Asia (IDA & IBRD),TSA,1996,845043.889
Sub-Saharan Africa,SSF,1996,7143271.988
Sub-Saharan Africa (excluding high income),SSA,1996,7142934.988
Sub-Saharan Africa (IDA & IBRD countries),TSS,1996,7143271.988
Upper middle income,UMC,1996,21221219.678
World,WLD,1996,41765652.045
Afghanistan,AFG,1997,12084.4
Albania,ALB,1997,7751.5
Algeria,DZA,1997,16054.0
American Samoa,ASM,1997,178.32
Andorra,AND,1997,160.0
Angola,AGO,1997,781748.61
Antigua and Barbuda,ATG,1997,96.48
Argentina,ARG,1997,339258.0
Armenia,ARM,1997,3332.67
Aruba,ABW,1997,4.2
Australia,AUS,1997,1324345.3
Austria,AUT,1997,38193.99
Azerbaijan,AZE,1997,9744.76
"Bahamas, The",BHS,1997,5098.6
Bahrain,BHR,1997,3.25
Bangladesh,BGD,1997,19203.287
Barbados,BRB,1997,63.0
Belarus,BLR,1997,81251.0
Belgium,BEL,1997,
Belize,BLZ,1997,15015.19
Benin,BEN,1997,43451.5
Bermuda,BMU,1997,10.0
Bhutan,BTN,1997,25762.16
Bolivia,BOL,1997,559123.89
Bosnia and Herzegovina,BIH,1997,21411.55
Botswana,BWA,1997,179756.0
Brazil,BRA,1997,5624314.2
British Virgin Islands,VGB,1997,36.82
Brunei Darussalam,BRN,1997,4018.0
Bulgaria,BGR,1997,33606.0
Burkina Faso,BFA,1997,73665.3
Burundi,BDI,1997,2187.02
Cabo Verde,CPV,1997,324.18
Cambodia,KHM,1997,108481.37
Cameroon,CMR,1997,218682.43
Canada,CAN,1997,3479432.58
Cayman Islands,CYM,1997,129.9
Central African Republic,CAF,1997,229930.0
Chad,TCD,1997,64661.0
Channel Islands,CHI,1997,8.3
Chile,CHL,1997,156457.57
China,CHN,1997,1710425.62
Colombia,COL,1997,634022.92
Comoros,COM,1997,429.94
"Congo, Dem. Rep.",COD,1997,1459180.0
"Congo, Rep.",COG,1997,222310.0
Costa Rica,CRI,1997,28722.74
Cote d'Ivoire,CIV,1997,59213.73
Croatia,HRV,1997,18745.0
Cuba,CUB,1997,23219.0
Curacao,CUW,1997,
Cyprus,CYP,1997,1684.6
Czechia,CZE,1997,26349.29
Denmark,DNK,1997,5595.52
Djibouti,DJI,1997,56.0
Dominica,DMA,1997,486.02
Dominican Republic,DOM,1997,18591.96
Ecuador,ECU,1997,140010.13
"Egypt, Arab Rep.",EGY,1997,545.9
El Salvador,SLV,1997,6873.8
Equatorial Guinea,GNQ,1997,26406.51
Eritrea,ERI,1997,11279.4
Estonia,EST,1997,22289.93
Eswatini,SWZ,1997,4696.38
Ethiopia,ETH,1997,187475.0
Faroe Islands,FRO,1997,0.8
Fiji,FJI,1997,9864.36
Finland,FIN,1997,222745.47
France,FRA,1997,150324.0
French Polynesia,PYF,1997,1473.14
Gabon,GAB,1997,237184.86
"Gambia, The",GMB,1997,3745.29
Georgia,GEO,1997,27581.1
Germany,DEU,1997,113378.0
Ghana,GHA,1997,91713.05
Gibraltar,GIB,1997,0.0
Greece,GRC,1997,35097.26
Greenland,GRL,1997,2.2
Grenada,GRD,1997,177.0
Guam,GUM,1997,240.0
Guatemala,GTM,1997,43808.0
Guinea,GIN,1997,70331.0
Guinea-Bissau,GNB,1997,21742.15
Guyana,GUY,1997,185755.99
Haiti,HTI,1997,3813.31
Honduras,HND,1997,68411.23
"Hong Kong SAR, China",HKG,1997,
Hungary,HUN,1997,18889.89
Iceland,ISL,1997,260.02
India,IND,1997,664951.0
Indonesia,IDN,1997,1064595.0
"Iran, Islamic Rep.",IRN,1997,92507.8
Iraq,IRQ,1997,8138.0
Ireland,IRL,1997,5797.44
Isle of Man,IMN,1997,34.6
Israel,ISR,1997,1467.0
Italy,ITA,1997,81354.0
Jamaica,JAM,1997,5210.84
Japan,JPN,1997,248982.0
Jordan,JOR,1997,975.0
Kazakhstan,KAZ,1997,31585.215
Kenya,KEN,1997,39303.95
Kiribati,KIR,1997,11.8
"Korea, Dem. People's Rep.",PRK,1997,65918.92
"Korea, Rep.",KOR,1997,64985.0
Kosovo,XKX,1997,
Kuwait,KWT,1997,44.3
Kyrgyz Republic,KGZ,1997,11675.567
Lao PDR,LAO,1997,175504.0
Latvia,LVA,1997,32206.0
Lebanon,LBN,1997,1386.36
Lesotho,LSO,1997,345.2
Liberia,LBR,1997,83134.2
Libya,LBY,1997,2170.0
Liechtenstein,LIE,1997,66.4
Lithuania,LTU,1997,19975.0
Luxembourg,LUX,1997,
"Macao SAR, China",MAC,1997,
Madagascar,MDG,1997,132295.04
Malawi,MWI,1997,32077.0
Malaysia,MYS,1997,199694.95
Maldives,MDV,1997,8.2
Mali,MLI,1997,132960.0
Malta,MLT,1997,3.5
Marshall Islands,MHL,1997,94.0
Mauritania,MRT,1997,4379.6
Mauritius,MUS,1997,416.72
Mexico,MEX,1997,690444.4
"Micronesia, Fed. Sts.",FSM,1997,637.76
Moldova,MDA,1997,3387.0
Monaco,MCO,1997,0.0
Mongolia,MNG,1997,142903.3
Montenegro,MNE,1997,
Morocco,MAR,1997,55001.65
Mozambique,MOZ,1997,418450.0
Myanmar,MMR,1997,361732.21
Namibia,NAM,1997,82721.098
Nauru,NRU,1997,0.0
Nepal,NPL,1997,57481.32
Netherlands,NLD,1997,3552.49
New Caledonia,NCL,1997,8358.34
New Zealand,NZL,1997,97069.89
Nicaragua,NIC,1997,56993.2
Niger,NER,1997,15131.7
Nigeria,NGA,1997,253829.55
North Macedonia,MKD,1997,9438.85
Northern Mariana Islands,MNP,1997,324.55
Norway,NOR,1997,121187.0
Oman,OMN,1997,30.0
Pakistan,PAK,1997,46539.19
Palau,PLW,1997,391.51
Panama,PAN,1997,44917.18
Papua New Guinea,PNG,1997,363144.804
Paraguay,PRY,1997,237579.13
Peru,PER,1997,756430.43
Philippines,PHL,1997,74501.25
Poland,POL,1997,90059.0
Portugal,PRT,1997,33164.0
Puerto Rico,PRI,1997,3965.04
Qatar,QAT,1997,0.0
Romania,ROU,1997,63675.0
Russian Federation,RUS,1997,8091729.2
Rwanda,RWA,1997,2960.0
Samoa,WSM,1997,1727.56
San Marino,SMR,1997,10.0
Sao Tome and Principe,STP,1997,584.38
Saudi Arabia,SAU,1997,9770.0
Senegal,SEN,1997,89881.6
Serbia,SRB,1997,
Seychelles,SYC,1997,337.0
Sierra Leone,SLE,1997,29886.11
Singapore,SGP,1997,163.575
Sint Maarten (Dutch part),SXM,1997,
Slovak Republic,SVK,1997,19017.31
Slovenia,SVN,1997,12195.0
Solomon Islands,SLB,1997,25397.93
Somalia,SOM,1997,77452.5
South Africa,ZAF,1997,178872.9
South Sudan,SSD,1997,
Spain,ESP,1997,161371.49
Sri Lanka,LKA,1997,22215.93
St. Kitts and Nevis,KNA,1997,110.0
St. Lucia,LCA,1997,210.88
St. Martin (French part),MAF,1997,
St. Vincent and the Grenadines,VCT,1997,282.4
Sudan,SDN,1997,295064.05
Suriname,SUR,1997,153518.98
Sweden,SWE,1997,281330.0
Switzerland,CHE,1997,11833.76
Syrian Arab Republic,SYR,1997,4140.8
Tajikistan,TJK,1997,4094.0
Tanzania,TZA,1997,547860.1
Thailand,THA,1997,191069.0
Timor-Leste,TLS,1997,9533.0
Togo,TGO,1997,12964.228
Tonga,TON,1997,89.5
Trinidad and Tobago,TTO,1997,2382.73
Tunisia,TUN,1997,6606.881
Turkiye,TUR,1997,200388.89
Turkmenistan,TKM,1997,41270.0
Turks and Caicos Islands,TCA,1997,105.2
Tuvalu,TUV,1997,10.0
Uganda,UGA,1997,32867.06
Ukraine,UKR,1997,94392.0
United Arab Emirates,ARE,1997,2901.01
United Kingdom,GBR,1997,29012.0
United States,USA,1997,3032102.0
Uruguay,URY,1997,11977.0
Uzbekistan,UZB,1997,28378.338
Vanuatu,VUT,1997,4423.0
"Venezuela, RB",VEN,1997,500135.0
Vietnam,VNM,1997,110616.58
Virgin Islands (U.S.),VIR,1997,216.91
West Bank and Gaza,PSE,1997,90.8
"Yemen, Rep.",YEM,1997,5490.0
Zambia,ZMB,1997,471614.0
Zimbabwe,ZWE,1997,185041.9
Africa Eastern and Southern,AFE,1997,5125015.248
Africa Western and Central,AFW,1997,1985527.988
Arab World,ARB,1997,490730.041
Caribbean small states,CSS,1997,368408.11
Central Europe and the Baltics,CEB,1997,357007.42
Early-demographic dividend,EAR,1997,8187784.517
East Asia & Pacific,EAS,1997,6370905.539
East Asia & Pacific (excluding high income),EAP,1997,4620767.424
East Asia & Pacific (IDA & IBRD countries),TEA,1997,4554848.504
Euro area,EMU,1997,952349.48
Europe & Central Asia,ECS,1997,10320582.4
Europe & Central Asia (excluding high income),ECA,1997,8701017.64
Europe & Central Asia (IDA & IBRD countries),TEC,1997,8873496.64
European Union,EUU,1997,1490599.18
Fragile and conflict affected situations,FCS,1997,5261862.314
Heavily indebted poor countries (HIPC),HPC,1997,6025740.398
High income,HIC,1997,10307120.135
IBRD only,IBD,1997,24633023.184
IDA & IBRD total,IBT,1997,31865336.858
IDA blend,IDB,1997,1378108.002
IDA only,IDX,1997,5854205.672
IDA total,IDA,1997,7232313.674
Late-demographic dividend,LTE,1997,17623359.243
Latin America & Caribbean,LCN,1997,10317969.27
Latin America & Caribbean (excluding high income),LAC,1997,9406517.65
Latin America & the Caribbean (IDA & IBRD countries),TLA,1997,10285130.6
Least developed countries: UN classification,LDC,1997,6134293.765
Low & middle income,LMY,1997,30879917.628
Low income,LIC,1997,3406741.168
Lower middle income,LMC,1997,6300523.677
Middle East & North Africa,MEA,1997,207382.251
Middle East & North Africa (excluding high income),MNA,1997,193163.191
Middle East & North Africa (IDA & IBRD countries),TMN,1997,193072.391
Middle income,MIC,1997,27473176.46
North America,NAC,1997,6511544.58
Not classified,INX,1997,
OECD members,OED,1997,11493598.15
Other small states,OSS,1997,622318.368
Pacific island small states,PSS,1997,42647.42
Post-demographic dividend,PST,1997,9885416.035
Pre-demographic dividend,PRE,1997,5987869.968
Small states,SST,1997,1033373.898
South Asia,SAS,1997,848245.487
South Asia (IDA & IBRD),TSA,1997,848245.487
Sub-Saharan Africa,SSF,1997,7110543.236
Sub-Saharan Africa (excluding high income),SSA,1997,7110206.236
Sub-Saharan Africa (IDA & IBRD countries),TSS,1997,7110543.236
Upper middle income,UMC,1997,21172652.783
World,WLD,1997,41687172.763
Afghanistan,AFG,1998,12084.4
Albania,ALB,1998,7732.0
Algeria,DZA,1998,15966.0
American Samoa,ASM,1998,177.98
Andorra,AND,1998,160.0
Angola,AGO,1998,780194.44
Antigua and Barbuda,ATG,1998,95.82
Argentina,ARG,1998,337432.0
Armenia,ARM,1998,3330.58
Aruba,ABW,1998,4.2
Australia,AUS,1998,1322277.2
Austria,AUT,1998,38256.46
Azerbaijan,AZE,1998,9787.24
"Bahamas, The",BHS,1998,5098.6
Bahrain,BHR,1998,3.4
Bangladesh,BGD,1998,19203.285
Barbados,BRB,1998,63.0
Belarus,BLR,1998,81744.0
Belgium,BEL,1998,
Belize,BLZ,1998,14874.46
Benin,BEN,1998,42751.5
Bermuda,BMU,1998,10.0
Bhutan,BTN,1998,25861.44
Bolivia,BOL,1998,556420.56
Bosnia and Herzegovina,BIH,1998,21313.2
Botswana,BWA,1998,178573.0
Brazil,BRA,1998,5586504.8
British Virgin Islands,VGB,1998,36.78
Brunei Darussalam,BRN,1998,4002.0
Bulgaria,BGR,1998,33654.0
Burkina Faso,BFA,1998,73165.2
Burundi,BDI,1998,2104.48
Cabo Verde,CPV,1998,348.52
Cambodia,KHM,1998,108257.58
Cameroon,CMR,1998,217779.92
Canada,CAN,1998,3478961.62
Cayman Islands,CYM,1998,129.7
Central African Republic,CAF,1998,229630.0
Chad,TCD,1998,64284.0
Channel Islands,CHI,1998,8.3
Chile,CHL,1998,157028.58
China,CHN,1998,1730285.58
Colombia,COL,1998,631800.28
Comoros,COM,1998,425.56
"Congo, Dem. Rep.",COD,1998,1452450.0
"Congo, Rep.",COG,1998,222190.0
Costa Rica,CRI,1998,28672.56
Cote d'Ivoire,CIV,1998,56457.32
Croatia,HRV,1998,18780.0
Cuba,CUB,1998,23596.0
Curacao,CUW,1998,
Cyprus,CYP,1998,1695.1
Czechia,CZE,1998,26357.16
Denmark,DNK,1998,5635.68
Djibouti,DJI,1998,56.0
Dominica,DMA,1998,483.58
Dominican Republic,DOM,1998,18969.54
Ecuador,ECU,1998,139108.42
"Egypt, Arab Rep.",EGY,1998,561.3
El Salvador,SLV,1998,6828.8
Equatorial Guinea,GNQ,1998,26322.94
Eritrea,ERI,1998,11247.8
Estonia,EST,1998,22322.92
Eswatini,SWZ,1998,4708.52
Ethiopia,ETH,1998,186745.0
Faroe Islands,FRO,1998,0.8
Fiji,FJI,1998,9931.14
Finland,FIN,1998,223315.78
France,FRA,1998,151176.0
French Polynesia,PYF,1998,1477.26
Gabon,GAB,1998,237123.24
"Gambia, The",GMB,1998,3687.96
Georgia,GEO,1998,27589.4
Germany,DEU,1998,113432.0
Ghana,GHA,1998,90637.4
Gibraltar,GIB,1998,0.0
Greece,GRC,1998,35398.939
Greenland,GRL,1998,2.2
Grenada,GRD,1998,177.0
Guam,GUM,1998,240.0
Guatemala,GTM,1998,43236.0
Guinea,GIN,1998,69984.0
Guinea-Bissau,GNB,1998,21657.7
Guyana,GUY,1998,185718.06
Haiti,HTI,1998,3811.04
Honduras,HND,1998,68201.72
"Hong Kong SAR, China",HKG,1998,
Hungary,HUN,1998,18997.16
Iceland,ISL,1998,272.78
India,IND,1998,668604.0
Indonesia,IDN,1998,1047330.0
"Iran, Islamic Rep.",IRN,1998,92757.4
Iraq,IRQ,1998,8152.0
Ireland,IRL,1998,5966.16
Isle of Man,IMN,1998,34.6
Israel,ISR,1998,1488.0
Italy,ITA,1998,82133.5
Jamaica,JAM,1998,5210.56
Japan,JPN,1998,248908.0
Jordan,JOR,1998,975.0
Kazakhstan,KAZ,1998,31579.896
Kenya,KEN,1998,39406.6
Kiribati,KIR,1998,11.8
"Korea, Dem. People's Rep.",PRK,1998,65461.58
"Korea, Rep.",KOR,1998,64910.0
Kosovo,XKX,1998,
Kuwait,KWT,1998,45.7
Kyrgyz Republic,KGZ,1998,11720.045
Lao PDR,LAO,1998,175086.0
Latvia,LVA,1998,32274.0
Lebanon,LBN,1998,1384.84
Lesotho,LSO,1998,345.2
Liberia,LBR,1998,82831.6
Libya,LBY,1998,2170.0
Liechtenstein,LIE,1998,66.6
Lithuania,LTU,1998,20050.0
Luxembourg,LUX,1998,
"Macao SAR, China",MAC,1998,
Madagascar,MDG,1998,131632.26
Malawi,MWI,1998,31657.0
Malaysia,MYS,1998,198767.8
Maldives,MDV,1998,8.2
Mali,MLI,1998,132960.0
Malta,MLT,1998,3.5
Marshall Islands,MHL,1998,94.0
Mauritania,MRT,1998,4325.2
Mauritius,MUS,1998,417.58
Mexico,MEX,1998,688234.1
"Micronesia, Fed. Sts.",FSM,1998,638.04
Moldova,MDA,1998,3406.0
Monaco,MCO,1998,0.0
Mongolia,MNG,1998,142815.2
Montenegro,MNE,1998,
Morocco,MAR,1998,55022.9
Mozambique,MOZ,1998,416260.0
Myanmar,MMR,1998,357381.84
Namibia,NAM,1998,82011.012
Nauru,NRU,1998,0.0
Nepal,NPL,1998,57590.08
Netherlands,NLD,1998,3566.66
New Caledonia,NCL,1998,8365.06
New Zealand,NZL,1998,97548.06
Nicaragua,NIC,1998,55993.2
Niger,NER,1998,14514.8
Nigeria,NGA,1998,252196.5
North Macedonia,MKD,1998,9484.4
Northern Mariana Islands,MNP,1998,322.9
Norway,NOR,1998,121168.0
Oman,OMN,1998,30.0
Pakistan,PAK,1998,46063.66
Palau,PLW,1998,392.94
Panama,PAN,1998,44751.92
Papua New Guinea,PNG,1998,363023.09
Paraguay,PRY,1998,235024.92
Peru,PER,1998,755279.72
Philippines,PHL,1998,74031.7
Poland,POL,1998,90236.0
Portugal,PRT,1998,33046.0
Puerto Rico,PRI,1998,4073.86
Qatar,QAT,1998,0.0
Romania,ROU,1998,63670.0
Russian Federation,RUS,1998,8092047.8
Rwanda,RWA,1998,2930.0
Samoa,WSM,1998,1722.74
San Marino,SMR,1998,10.0
Sao Tome and Principe,STP,1998,584.12
Saudi Arabia,SAU,1998,9770.0
Senegal,SEN,1998,89431.6
Serbia,SRB,1998,
Seychelles,SYC,1998,337.0
Sierra Leone,SLE,1998,29688.84
Singapore,SGP,1998,165.762
Sint Maarten (Dutch part),SXM,1998,
Slovak Republic,SVK,1998,19016.24
Slovenia,SVN,1998,12240.0
Solomon Islands,SLB,1998,25390.62
Somalia,SOM,1998,76685.0
South Africa,ZAF,1998,178508.9
South Sudan,SSD,1998,
Spain,ESP,1998,164560.76
Sri Lanka,LKA,1998,22032.02
St. Kitts and Nevis,KNA,1998,110.0
St. Lucia,LCA,1998,210.62
St. Martin (French part),MAF,1998,
St. Vincent and the Grenadines,VCT,1998,283.4
Sudan,SDN,1998,293319.9
Suriname,SUR,1998,153482.22
Sweden,SWE,1998,281430.0
Switzerland,CHE,1998,11876.44
Syrian Arab Republic,SYR,1998,4200.8
Tajikistan,TJK,1998,4096.0
Tanzania,TZA,1998,544140.1
Thailand,THA,1998,190706.0
Timor-Leste,TLS,1998,9519.0
Togo,TGO,1998,12871.032
Tonga,TON,1998,89.5
Trinidad and Tobago,TTO,1998,2377.32
Tunisia,TUN,1998,6630.754
Turkiye,TUR,1998,200753.76
Turkmenistan,TKM,1998,41270.0
Turks and Caicos Islands,TCA,1998,105.2
Tuvalu,TUV,1998,10.0
Uganda,UGA,1998,32454.54
Ukraine,UKR,1998,94628.0
United Arab Emirates,ARE,1998,2965.44
United Kingdom,GBR,1998,29188.0
United States,USA,1998,3033188.0
Uruguay,URY,1998,12548.0
Uzbekistan,UZB,1998,28790.428
Vanuatu,VUT,1998,4423.0
"Venezuela, RB",VEN,1998,497260.0
Vietnam,VNM,1998,113024.72
Virgin Islands (U.S.),VIR,1998,212.84
West Bank and Gaza,PSE,1998,90.8
"Yemen, Rep.",YEM,1998,5490.0
Zambia,ZMB,1998,471256.0
Zimbabwe,ZWE,1998,184581.2
Africa Eastern and Southern,AFE,1998,5102975.212
Africa Western and Central,AFW,1998,1974839.272
Arab World,ARB,1998,488270.594
Caribbean small states,CSS,1998,368184.64
Central Europe and the Baltics,CEB,1998,357597.48
Early-demographic dividend,EAR,1998,8148753.075
East Asia & Pacific,EAS,1998,6366788.092
East Asia & Pacific (excluding high income),EAP,1998,4618393.87
East Asia & Pacific (IDA & IBRD countries),TEA,1998,4552932.29
Euro area,EMU,1998,958454.019
Europe & Central Asia,ECS,1998,10329270.988
Europe & Central Asia (excluding high income),ECA,1998,8702926.749
Europe & Central Asia (IDA & IBRD countries),TEC,1998,8875612.749
European Union,EUU,1998,1497214.019
Fragile and conflict affected situations,FCS,1998,5237525.53
Heavily indebted poor countries (HIPC),HPC,1998,5994968.812
High income,HIC,1998,10313895.001
IBRD only,IBD,1998,24584031.622
IDA & IBRD total,IBT,1998,31781302.802
IDA blend,IDB,1998,1374984.658
IDA only,IDX,1998,5822286.522
IDA total,IDA,1998,7197271.18
Late-demographic dividend,LTE,1998,17605816.815
Latin America & Caribbean,LCN,1998,10263449.38
Latin America & Caribbean (excluding high income),LAC,1998,9353835.5
Latin America & the Caribbean (IDA & IBRD countries),TLA,1998,10230129.2
Least developed countries: UN classification,LDC,1998,6105967.917
Low & middle income,LMY,1998,30797538.482
Low income,LIC,1998,3390013.892
Lower middle income,LMC,1998,6283438.702
Middle East & North Africa,MEA,1998,207763.834
Middle East & North Africa (excluding high income),MNA,1998,193457.794
Middle East & North Africa (IDA & IBRD countries),TMN,1998,193366.994
Middle income,MIC,1998,27407524.59
North America,NAC,1998,6512159.62
Not classified,INX,1998,
OECD members,OED,1998,11495686.799
Other small states,OSS,1998,620296.692
Pacific island small states,PSS,1998,42703.78
Post-demographic dividend,PST,1998,9891664.701
Pre-demographic dividend,PRE,1998,5959719.192
Small states,SST,1998,1031185.112
South Asia,SAS,1998,851447.085
South Asia (IDA & IBRD),TSA,1998,851447.085
Sub-Saharan Africa,SSF,1998,7077814.484
Sub-Saharan Africa (excluding high income),SSA,1998,7077477.484
Sub-Saharan Africa (IDA & IBRD countries),TSS,1998,7077814.484
Upper middle income,UMC,1998,21124085.888
World,WLD,1998,41608693.483
Afghanistan,AFG,1999,12084.4
Albania,ALB,1999,7712.5
Algeria,DZA,1999,15878.0
American Samoa,ASM,1999,177.64
Andorra,AND,1999,160.0
Angola,AGO,1999,778640.27
Antigua and Barbuda,ATG,1999,95.16
Argentina,ARG,1999,335606.0
Armenia,ARM,1999,3328.49
Aruba,ABW,1999,4.2
Australia,AUS,1999,1320209.1
Austria,AUT,1999,38318.93
Azerbaijan,AZE,1999,9829.72
"Bahamas, The",BHS,1999,5098.6
Bahrain,BHR,1999,3.55
Bangladesh,BGD,1999,19203.283
Barbados,BRB,1999,63.0
Belarus,BLR,1999,82237.0
Belgium,BEL,1999,
Belize,BLZ,1999,14733.73
Benin,BEN,1999,42051.5
Bermuda,BMU,1999,10.0
Bhutan,BTN,1999,25960.72
Bolivia,BOL,1999,553717.23
Bosnia and Herzegovina,BIH,1999,21214.85
Botswana,BWA,1999,177390.0
Brazil,BRA,1999,5548695.4
British Virgin Islands,VGB,1999,36.74
Brunei Darussalam,BRN,1999,3986.0
Bulgaria,BGR,1999,33702.0
Burkina Faso,BFA,1999,72665.1
Burundi,BDI,1999,2021.94
Cabo Verde,CPV,1999,372.86
Cambodia,KHM,1999,108033.79
Cameroon,CMR,1999,216877.41
Canada,CAN,1999,3478490.66
Cayman Islands,CYM,1999,129.5
Central African Republic,CAF,1999,229330.0
Chad,TCD,1999,63907.0
Channel Islands,CHI,1999,8.3
Chile,CHL,1999,157599.59
China,CHN,1999,1750145.54
Colombia,COL,1999,629577.64
Comoros,COM,1999,421.18
"Congo, Dem. Rep.",COD,1999,1445720.0
"Congo, Rep.",COG,1999,222070.0
Costa Rica,CRI,1999,28622.38
Cote d'Ivoire,CIV,1999,53700.91
Croatia,HRV,1999,18815.0
Cuba,CUB,1999,23973.0
Curacao,CUW,1999,
Cyprus,CYP,1999,1705.6
Czechia,CZE,1999,26365.03
Denmark,DNK,1999,5675.84
Djibouti,DJI,1999,56.0
Dominica,DMA,1999,481.14
Dominican Republic,DOM,1999,19347.12
Ecuador,ECU,1999,138206.71
"Egypt, Arab Rep.",EGY,1999,576.7
El Salvador,SLV,1999,6783.8
Equatorial Guinea,GNQ,1999,26239.37
Eritrea,ERI,1999,11216.2
Estonia,EST,1999,22355.91
Eswatini,SWZ,1999,4720.66
Ethiopia,ETH,1999,186015.0
Faroe Islands,FRO,1999,0.8
Fiji,FJI,1999,9997.92
Finland,FIN,1999,223886.09
France,FRA,1999,152028.0
French Polynesia,PYF,1999,1481.38
Gabon,GAB,1999,237061.62
"Gambia, The",GMB,1999,3630.63
Georgia,GEO,1999,27597.7
Germany,DEU,1999,113486.0
Ghana,GHA,1999,89561.75
Gibraltar,GIB,1999,0.0
Greece,GRC,1999,35700.617
Greenland,GRL,1999,2.2
Grenada,GRD,1999,177.0
Guam,GUM,1999,240.0
Guatemala,GTM,1999,42664.0
Guinea,GIN,1999,69637.0
Guinea-Bissau,GNB,1999,21573.25
Guyana,GUY,1999,185680.13
Haiti,HTI,1999,3808.77
Honduras,HND,1999,67992.21
"Hong Kong SAR, China",HKG,1999,
Hungary,HUN,1999,19104.43
Iceland,ISL,1999,285.54
India,IND,1999,672257.0
Indonesia,IDN,1999,1030065.0
"Iran, Islamic Rep.",IRN,1999,93007.0
Iraq,IRQ,1999,8166.0
Ireland,IRL,1999,6134.88
Isle of Man,IMN,1999,34.6
Israel,ISR,1999,1509.0
Italy,ITA,1999,82913.0
Jamaica,JAM,1999,5210.28
Japan,JPN,1999,248834.0
Jordan,JOR,1999,975.0
Kazakhstan,KAZ,1999,31574.577
Kenya,KEN,1999,39509.25
Kiribati,KIR,1999,11.8
"Korea, Dem. People's Rep.",PRK,1999,65004.24
"Korea, Rep.",KOR,1999,64835.0
Kosovo,XKX,1999,
Kuwait,KWT,1999,47.1
Kyrgyz Republic,KGZ,1999,11764.523
Lao PDR,LAO,1999,174668.0
Latvia,LVA,1999,32342.0
Lebanon,LBN,1999,1383.32
Lesotho,LSO,1999,345.2
Liberia,LBR,1999,82529.0
Libya,LBY,1999,2170.0
Liechtenstein,LIE,1999,66.8
Lithuania,LTU,1999,20125.0
Luxembourg,LUX,1999,
"Macao SAR, China",MAC,1999,
Madagascar,MDG,1999,130969.48
Malawi,MWI,1999,31237.0
Malaysia,MYS,1999,197840.65
Maldives,MDV,1999,8.2
Mali,MLI,1999,132960.0
Malta,MLT,1999,3.5
Marshall Islands,MHL,1999,94.0
Mauritania,MRT,1999,4270.8
Mauritius,MUS,1999,418.44
Mexico,MEX,1999,686023.8
"Micronesia, Fed. Sts.",FSM,1999,638.32
Moldova,MDA,1999,3425.0
Monaco,MCO,1999,0.0
Mongolia,MNG,1999,142727.1
Montenegro,MNE,1999,
Morocco,MAR,1999,55044.15
Mozambique,MOZ,1999,414070.0
Myanmar,MMR,1999,353031.47
Namibia,NAM,1999,81300.926
Nauru,NRU,1999,0.0
Nepal,NPL,1999,57698.84
Netherlands,NLD,1999,3580.83
New Caledonia,NCL,1999,8371.78
New Zealand,NZL,1999,98026.23
Nicaragua,NIC,1999,54993.2
Niger,NER,1999,13897.9
Nigeria,NGA,1999,250563.45
North Macedonia,MKD,1999,9529.95
Northern Mariana Islands,MNP,1999,321.25
Norway,NOR,1999,121149.0
Oman,OMN,1999,30.0
Pakistan,PAK,1999,45588.13
Palau,PLW,1999,394.37
Panama,PAN,1999,44586.66
Papua New Guinea,PNG,1999,362901.376
Paraguay,PRY,1999,232470.71
Peru,PER,1999,754129.01
Philippines,PHL,1999,73562.15
Poland,POL,1999,90413.0
Portugal,PRT,1999,32928.0
Puerto Rico,PRI,1999,4182.68
Qatar,QAT,1999,0.0
Romania,ROU,1999,63665.0
Russian Federation,RUS,1999,8092366.4
Rwanda,RWA,1999,2900.0
Samoa,WSM,1999,1717.92
San Marino,SMR,1999,10.0
Sao Tome and Principe,STP,1999,583.86
Saudi Arabia,SAU,1999,9770.0
Senegal,SEN,1999,88981.6
Serbia,SRB,1999,
Seychelles,SYC,1999,337.0
Sierra Leone,SLE,1999,29491.57
Singapore,SGP,1999,167.948
Sint Maarten (Dutch part),SXM,1999,
Slovak Republic,SVK,1999,19015.17
Slovenia,SVN,1999,12285.0
Solomon Islands,SLB,1999,25383.31
Somalia,SOM,1999,75917.5
South Africa,ZAF,1999,178144.9
South Sudan,SSD,1999,
Spain,ESP,1999,167750.03
Sri Lanka,LKA,1999,21848.11
St. Kitts and Nevis,KNA,1999,110.0
St. Lucia,LCA,1999,210.36
St. Martin (French part),MAF,1999,
St. Vincent and the Grenadines,VCT,1999,284.4
Sudan,SDN,1999,291575.75
Suriname,SUR,1999,153445.46
Sweden,SWE,1999,281530.0
Switzerland,CHE,1999,11919.12
Syrian Arab Republic,SYR,1999,4260.8
Tajikistan,TJK,1999,4098.0
Tanzania,TZA,1999,540420.1
Thailand,THA,1999,190343.0
Timor-Leste,TLS,1999,9505.0
Togo,TGO,1999,12777.836
Tonga,TON,1999,89.5
Trinidad and Tobago,TTO,1999,2371.91
Tunisia,TUN,1999,6654.627
Turkiye,TUR,1999,201118.63
Turkmenistan,TKM,1999,41270.0
Turks and Caicos Islands,TCA,1999,105.2
Tuvalu,TUV,1999,10.0
Uganda,UGA,1999,32042.02
Ukraine,UKR,1999,94864.0
United Arab Emirates,ARE,1999,3029.87
United Kingdom,GBR,1999,29364.0
United States,USA,1999,3034274.0
Uruguay,URY,1999,13119.0
Uzbekistan,UZB,1999,29202.519
Vanuatu,VUT,1999,4423.0
"Venezuela, RB",VEN,1999,494385.0
Vietnam,VNM,1999,115432.86
Virgin Islands (U.S.),VIR,1999,208.77
West Bank and Gaza,PSE,1999,90.8
"Yemen, Rep.",YEM,1999,5490.0
Zambia,ZMB,1999,470898.0
Zimbabwe,ZWE,1999,184120.5
Africa Eastern and Southern,AFE,1999,5080935.176
Africa Western and Central,AFW,1999,1964150.556
Arab World,ARB,1999,485811.147
Caribbean small states,CSS,1999,367961.17
Central Europe and the Baltics,CEB,1999,358187.54
Early-demographic dividend,EAR,1999,8109721.634
East Asia & Pacific,EAS,1999,6362670.644
East Asia & Pacific (excluding high income),EAP,1999,4616020.316
East Asia & Pacific (IDA & IBRD countries),TEA,1999,4551016.076
Euro area,EMU,1999,964558.557
Europe & Central Asia,ECS,1999,10337959.576
Europe & Central Asia (excluding high income),ECA,1999,8704835.859
Europe & Central Asia (IDA & IBRD countries),TEC,1999,8877728.859
European Union,EUU,1999,1503828.857
Fragile and conflict affected situations,FCS,1999,5213188.746
Heavily indebted poor countries (HIPC),HPC,1999,5964197.226
High income,HIC,1999,10320669.865
IBRD only,IBD,1999,24535040.06
IDA & IBRD total,IBT,1999,31697268.747
IDA blend,IDB,1999,1371861.315
IDA only,IDX,1999,5790367.372
IDA total,IDA,1999,7162228.687
Late-demographic dividend,LTE,1999,17588274.387
Latin America & Caribbean,LCN,1999,10208929.49
Latin America & Caribbean (excluding high income),LAC,1999,9301153.35
Latin America & the Caribbean (IDA & IBRD countries),TLA,1999,10175127.8
Least developed countries: UN classification,LDC,1999,6077642.069
Low & middle income,LMY,1999,30715159.337
Low income,LIC,1999,3373286.616
Lower middle income,LMC,1999,6266353.728
Middle East & North Africa,MEA,1999,208145.417
Middle East & North Africa (excluding high income),MNA,1999,193752.397
Middle East & North Africa (IDA & IBRD countries),TMN,1999,193661.597
Middle income,MIC,1999,27341872.721
North America,NAC,1999,6512774.66
Not classified,INX,1999,
OECD members,OED,1999,11497775.447
Other small states,OSS,1999,618275.016
Pacific island small states,PSS,1999,42760.14
Post-demographic dividend,PST,1999,9897913.365
Pre-demographic dividend,PRE,1999,5931568.416
Small states,SST,1999,1028996.326
South Asia,SAS,1999,854648.683
South Asia (IDA & IBRD),TSA,1999,854648.683
Sub-Saharan Africa,SSF,1999,7045085.732
Sub-Saharan Africa (excluding high income),SSA,1999,7044748.732
Sub-Saharan Africa (IDA & IBRD countries),TSS,1999,7045085.732
Upper middle income,UMC,1999,21075518.993
World,WLD,1999,41530214.202
Afghanistan,AFG,2000,12084.4
Albania,ALB,2000,7693.0
Algeria,DZA,2000,15790.0
American Samoa,ASM,2000,177.3
Andorra,AND,2000,160.0
Angola,AGO,2000,777086.1
Antigua and Barbuda,ATG,2000,94.5
Argentina,ARG,2000,333780.0
Armenia,ARM,2000,3326.4
Aruba,ABW,2000,4.2
Australia,AUS,2000,1318141.0
Austria,AUT,2000,38381.4
Azerbaijan,AZE,2000,9872.2
"Bahamas, The",BHS,2000,5098.6
Bahrain,BHR,2000,3.7
Bangladesh,BGD,2000,19203.281
Barbados,BRB,2000,63.0
Belarus,BLR,2000,82730.0
Belgium,BEL,2000,6673.0
Belize,BLZ,2000,14593.0
Benin,BEN,2000,41351.5
Bermuda,BMU,2000,10.0
Bhutan,BTN,2000,26060.0
Bolivia,BOL,2000,551013.9
Bosnia and Herzegovina,BIH,2000,21116.5
Botswana,BWA,2000,176207.0
Brazil,BRA,2000,5510886.0
British Virgin Islands,VGB,2000,36.7
Brunei Darussalam,BRN,2000,3970.0
Bulgaria,BGR,2000,33750.0
Burkina Faso,BFA,2000,72165.0
Burundi,BDI,2000,1939.4
Cabo Verde,CPV,2000,397.2
Cambodia,KHM,2000,107810.0
Cameroon,CMR,2000,215974.9
Canada,CAN,2000,3478019.7
Cayman Islands,CYM,2000,129.3
Central African Republic,CAF,2000,229030.0
Chad,TCD,2000,63530.0
Channel Islands,CHI,2000,8.3
Chile,CHL,2000,158170.6
China,CHN,2000,1770005.5
Colombia,COL,2000,627355.0
Comoros,COM,2000,416.8
"Congo, Dem. Rep.",COD,2000,1438990.0
"Congo, Rep.",COG,2000,221950.0
Costa Rica,CRI,2000,28572.2
Cote d'Ivoire,CIV,2000,50944.5
Croatia,HRV,2000,18850.0
Cuba,CUB,2000,24350.0
Curacao,CUW,2000,
Cyprus,CYP,2000,1716.1
Czechia,CZE,2000,26372.9
Denmark,DNK,2000,5716.0
Djibouti,DJI,2000,56.0
Dominica,DMA,2000,478.7
Dominican Republic,DOM,2000,19724.7
Ecuador,ECU,2000,137305.0
"Egypt, Arab Rep.",EGY,2000,592.1
El Salvador,SLV,2000,6738.8
Equatorial Guinea,GNQ,2000,26155.8
Eritrea,ERI,2000,11184.6
Estonia,EST,2000,22388.9
Eswatini,SWZ,2000,4732.8
Ethiopia,ETH,2000,185285.0
Faroe Islands,FRO,2000,0.8
Fiji,FJI,2000,10064.7
Finland,FIN,2000,224456.4
France,FRA,2000,152880.0
French Polynesia,PYF,2000,1485.5
Gabon,GAB,2000,237000.0
"Gambia, The",GMB,2000,3573.3
Georgia,GEO,2000,27606.0
Germany,DEU,2000,113540.0
Ghana,GHA,2000,88486.1
Gibraltar,GIB,2000,0.0
Greece,GRC,2000,36002.296
Greenland,GRL,2000,2.2
Grenada,GRD,2000,177.0
Guam,GUM,2000,240.0
Guatemala,GTM,2000,42092.0
Guinea,GIN,2000,69290.0
Guinea-Bissau,GNB,2000,21488.8
Guyana,GUY,2000,185642.2
Haiti,HTI,2000,3806.5
Honduras,HND,2000,67782.7
"Hong Kong SAR, China",HKG,2000,
Hungary,HUN,2000,19211.7
Iceland,ISL,2000,298.3
India,IND,2000,675910.0
Indonesia,IDN,2000,1012800.0
"Iran, Islamic Rep.",IRN,2000,93256.6
Iraq,IRQ,2000,8180.0
Ireland,IRL,2000,6303.6
Isle of Man,IMN,2000,34.6
Israel,ISR,2000,1530.0
Italy,ITA,2000,83692.5
Jamaica,JAM,2000,5210.0
Japan,JPN,2000,248760.0
Jordan,JOR,2000,975.0
Kazakhstan,KAZ,2000,31569.258
Kenya,KEN,2000,39611.9
Kiribati,KIR,2000,11.8
"Korea, Dem. People's Rep.",PRK,2000,64546.9
"Korea, Rep.",KOR,2000,64760.0
Kosovo,XKX,2000,
Kuwait,KWT,2000,48.5
Kyrgyz Republic,KGZ,2000,11809.0
Lao PDR,LAO,2000,174250.0
Latvia,LVA,2000,32410.0
Lebanon,LBN,2000,1381.8
Lesotho,LSO,2000,345.2
Liberia,LBR,2000,82226.4
Libya,LBY,2000,2170.0
Liechtenstein,LIE,2000,67.0
Lithuania,LTU,2000,20200.0
Luxembourg,LUX,2000,867.0
"Macao SAR, China",MAC,2000,
Madagascar,MDG,2000,130306.7
Malawi,MWI,2000,30817.0
Malaysia,MYS,2000,196913.5
Maldives,MDV,2000,8.2
Mali,MLI,2000,132960.0
Malta,MLT,2000,3.5
Marshall Islands,MHL,2000,94.0
Mauritania,MRT,2000,4216.4
Mauritius,MUS,2000,419.3
Mexico,MEX,2000,683813.5
"Micronesia, Fed. Sts.",FSM,2000,638.6
Moldova,MDA,2000,3444.0
Monaco,MCO,2000,0.0
Mongolia,MNG,2000,142639.0
Montenegro,MNE,2000,
Morocco,MAR,2000,55065.4
Mozambique,MOZ,2000,411880.0
Myanmar,MMR,2000,348681.1
Namibia,NAM,2000,80590.84
Nauru,NRU,2000,0.0
Nepal,NPL,2000,57807.6
Netherlands,NLD,2000,3595.0
New Caledonia,NCL,2000,8378.5
New Zealand,NZL,2000,98504.4
Nicaragua,NIC,2000,53993.2
Niger,NER,2000,13281.0
Nigeria,NGA,2000,248930.4
North Macedonia,MKD,2000,9575.5
Northern Mariana Islands,MNP,2000,319.6
Norway,NOR,2000,121130.0
Oman,OMN,2000,30.0
Pakistan,PAK,2000,45112.6
Palau,PLW,2000,395.8
Panama,PAN,2000,44421.4
Papua New Guinea,PNG,2000,362779.663
Paraguay,PRY,2000,229916.5
Peru,PER,2000,752978.3
Philippines,PHL,2000,73092.6
Poland,POL,2000,90590.0
Portugal,PRT,2000,32810.0
Puerto Rico,PRI,2000,4291.5
Qatar,QAT,2000,0.0
Romania,ROU,2000,63660.0
Russian Federation,RUS,2000,8092685.0
Rwanda,RWA,2000,2870.0
Samoa,WSM,2000,1713.1
San Marino,SMR,2000,10.0
Sao Tome and Principe,STP,2000,583.6
Saudi Arabia,SAU,2000,9770.0
Senegal,SEN,2000,88531.6
Serbia,SRB,2000,
Seychelles,SYC,2000,337.0
Sierra Leone,SLE,2000,29294.3
Singapore,SGP,2000,170.135
Sint Maarten (Dutch part),SXM,2000,
Slovak Republic,SVK,2000,19014.1
Slovenia,SVN,2000,12330.0
Solomon Islands,SLB,2000,25376.0
Somalia,SOM,2000,75150.0
South Africa,ZAF,2000,177780.9
South Sudan,SSD,2000,
Spain,ESP,2000,170939.3
Sri Lanka,LKA,2000,21664.2
St. Kitts and Nevis,KNA,2000,110.0
St. Lucia,LCA,2000,210.1
St. Martin (French part),MAF,2000,
St. Vincent and the Grenadines,VCT,2000,285.4
Sudan,SDN,2000,289831.6
Suriname,SUR,2000,153408.7
Sweden,SWE,2000,281630.0
Switzerland,CHE,2000,11961.8
Syrian Arab Republic,SYR,2000,4320.8
Tajikistan,TJK,2000,4100.0
Tanzania,TZA,2000,536700.1
Thailand,THA,2000,189980.0
Timor-Leste,TLS,2000,9491.0
Togo,TGO,2000,12684.64
Tonga,TON,2000,89.5
Trinidad and Tobago,TTO,2000,2366.5
Tunisia,TUN,2000,6678.5
Turkiye,TUR,2000,201483.5
Turkmenistan,TKM,2000,41270.0
Turks and Caicos Islands,TCA,2000,105.2
Tuvalu,TUV,2000,10.0
Uganda,UGA,2000,31629.5
Ukraine,UKR,2000,95100.0
United Arab Emirates,ARE,2000,3094.3
United Kingdom,GBR,2000,29540.0
United States,USA,2000,3035360.0
Uruguay,URY,2000,13690.0
Uzbekistan,UZB,2000,29614.61
Vanuatu,VUT,2000,4423.0
"Venezuela, RB",VEN,2000,491510.0
Vietnam,VNM,2000,117841.0
Virgin Islands (U.S.),VIR,2000,204.7
West Bank and Gaza,PSE,2000,90.8
"Yemen, Rep.",YEM,2000,5490.0
Zambia,ZMB,2000,470540.0
Zimbabwe,ZWE,2000,183659.8
Africa Eastern and Southern,AFE,2000,5058895.14
Africa Western and Central,AFW,2000,1953461.84
Arab World,ARB,2000,483351.7
Caribbean small states,CSS,2000,367737.7
Central Europe and the Baltics,CEB,2000,358777.6
Early-demographic dividend,EAR,2000,8070690.194
East Asia & Pacific,EAS,2000,6358553.198
East Asia & Pacific (excluding high income),EAP,2000,4613646.763
East Asia & Pacific (IDA & IBRD countries),TEA,2000,4549099.863
Euro area,EMU,2000,978203.096
Europe & Central Asia,ECS,2000,10354188.164
Europe & Central Asia (excluding high income),ECA,2000,8706744.968
Europe & Central Asia (IDA & IBRD countries),TEC,2000,8879844.968
European Union,EUU,2000,1517983.696
Fragile and conflict affected situations,FCS,2000,5188851.963
Heavily indebted poor countries (HIPC),HPC,2000,5933425.64
High income,HIC,2000,10334984.731
IBRD only,IBD,2000,24486048.498
IDA & IBRD total,IBT,2000,31613234.692
IDA blend,IDB,2000,1368737.973
IDA only,IDX,2000,5758448.221
IDA total,IDA,2000,7127186.194
Late-demographic dividend,LTE,2000,17570731.958
Latin America & Caribbean,LCN,2000,10154409.6
Latin America & Caribbean (excluding high income),LAC,2000,9248471.2
Latin America & the Caribbean (IDA & IBRD countries),TLA,2000,10120126.4
Least developed countries: UN classification,LDC,2000,6049316.221
Low & middle income,LMY,2000,30632780.192
Low income,LIC,2000,3356559.34
Lower middle income,LMC,2000,6249268.754
Middle East & North Africa,MEA,2000,208527.0
Middle East & North Africa (excluding high income),MNA,2000,194047.0
Middle East & North Africa (IDA & IBRD countries),TMN,2000,193956.2
Middle income,MIC,2000,27276220.852
North America,NAC,2000,6513389.7
Not classified,INX,2000,
OECD members,OED,2000,11507404.096
Other small states,OSS,2000,616253.34
Pacific island small states,PSS,2000,42816.5
Post-demographic dividend,PST,2000,9911702.031
Pre-demographic dividend,PRE,2000,5903417.64
Small states,SST,2000,1026807.54
South Asia,SAS,2000,857850.281
South Asia (IDA & IBRD),TSA,2000,857850.281
Sub-Saharan Africa,SSF,2000,7012356.98
Sub-Saharan Africa (excluding high income),SSA,2000,7012019.98
Sub-Saharan Africa (IDA & IBRD countries),TSS,2000,7012356.98
Upper middle income,UMC,2000,21026952.098
World,WLD,2000,41459274.923
Afghanistan,AFG,2001,12084.4
Albania,ALB,2001,7705.77
Algeria,DZA,2001,16129.0
American Samoa,ASM,2001,177.0
Andorra,AND,2001,160.0
Angola,AGO,2001,771535.49
Antigua and Barbuda,ATG,2001,93.83
Argentina,ARG,2001,330616.0
Armenia,ARM,2001,3324.32
Aruba,ABW,2001,4.2
Australia,AUS,2001,1315873.0
Austria,AUT,2001,38406.46
Azerbaijan,AZE,2001,9917.475
"Bahamas, The",BHS,2001,5098.6
Bahrain,BHR,2001,3.85
Bangladesh,BGD,2001,19171.295
Barbados,BRB,2001,63.0
Belarus,BLR,2001,83087.0
Belgium,BEL,2001,6695.57
Belize,BLZ,2001,14525.09
Benin,BEN,2001,40851.5
Bermuda,BMU,2001,10.0
Bhutan,BTN,2001,26159.29
Bolivia,BOL,2001,548998.52
Bosnia and Herzegovina,BIH,2001,21107.51
Botswana,BWA,2001,175024.0
Brazil,BRA,2001,5471378.1
British Virgin Islands,VGB,2001,36.67
Brunei Darussalam,BRN,2001,3953.0
Bulgaria,BGR,2001,34112.0
Burkina Faso,BFA,2001,71665.0
Burundi,BDI,2001,1939.4
Cabo Verde,CPV,2001,400.2
Cambodia,KHM,2001,107618.23
Cameroon,CMR,2001,215277.89
Canada,CAN,2001,3477539.94
Cayman Islands,CYM,2001,129.09
Central African Republic,CAF,2001,228730.0
Chad,TCD,2001,62707.0
Channel Islands,CHI,2001,8.49
Chile,CHL,2001,159078.8
China,CHN,2001,1793615.33
Colombia,COL,2001,625427.29
Comoros,COM,2001,412.42
"Congo, Dem. Rep.",COD,2001,1432260.0
"Congo, Rep.",COG,2001,221830.0
Costa Rica,CRI,2001,28586.18
Cote d'Ivoire,CIV,2001,49815.63
Croatia,HRV,2001,18885.0
Cuba,CUB,2001,24847.0
Curacao,CUW,2001,
Cyprus,CYP,2001,1717.33
Czechia,CZE,2001,26392.99
Denmark,DNK,2001,5730.89
Djibouti,DJI,2001,56.0
Dominica,DMA,2001,478.7
Dominican Republic,DOM,2001,19825.35
Ecuador,ECU,2001,136602.69
"Egypt, Arab Rep.",EGY,2001,598.53
El Salvador,SLV,2001,6693.8
Equatorial Guinea,GNQ,2001,26072.23
Eritrea,ERI,2001,11153.0
Estonia,EST,2001,22486.03
Eswatini,SWZ,2001,4744.95
Ethiopia,ETH,2001,184555.0
Faroe Islands,FRO,2001,0.8
Fiji,FJI,2001,10131.47
Finland,FIN,2001,224252.76
France,FRA,2001,154011.0
French Polynesia,PYF,2001,1486.41
Gabon,GAB,2001,236949.41
"Gambia, The",GMB,2001,3515.97
Georgia,GEO,2001,27667.8
Germany,DEU,2001,113595.0
Ghana,GHA,2001,87580.42
Gibraltar,GIB,2001,0.0
Greece,GRC,2001,36303.869
Greenland,GRL,2001,2.2
Grenada,GRD,2001,177.0
Guam,GUM,2001,240.0
Guatemala,GTM,2001,41605.4
Guinea,GIN,2001,68930.0
Guinea-Bissau,GNB,2001,21404.35
Guyana,GUY,2001,185597.79
Haiti,HTI,2001,3804.23
Honduras,HND,2001,67579.9
"Hong Kong SAR, China",HKG,2001,
Hungary,HUN,2001,19336.92
Iceland,ISL,2001,313.14
India,IND,2001,677815.0
Indonesia,IDN,2001,1011179.2
"Iran, Islamic Rep.",IRN,2001,94622.92
Iraq,IRQ,2001,8187.0
Ireland,IRL,2001,6393.62
Isle of Man,IMN,2001,34.6
Israel,ISR,2001,1531.0
Italy,ITA,2001,84351.29
Jamaica,JAM,2001,5247.45
Japan,JPN,2001,248850.0
Jordan,JOR,2001,975.0
Kazakhstan,KAZ,2001,31494.512
Kenya,KEN,2001,39267.05
Kiribati,KIR,2001,11.8
"Korea, Dem. People's Rep.",PRK,2001,64334.6
"Korea, Rep.",KOR,2001,64671.0
Kosovo,XKX,2001,
Kuwait,KWT,2001,49.9
Kyrgyz Republic,KGZ,2001,11857.78
Lao PDR,LAO,2001,173765.5
Latvia,LVA,2001,32541.12
Lebanon,LBN,2001,1380.97
Lesotho,LSO,2001,345.2
Liberia,LBR,2001,81923.8
Libya,LBY,2001,2170.0
Liechtenstein,LIE,2001,66.999
Lithuania,LTU,2001,20350.0
Luxembourg,LUX,2001,869.0
"Macao SAR, China",MAC,2001,
Madagascar,MDG,2001,129838.01
Malawi,MWI,2001,30397.0
Malaysia,MYS,2001,196169.8
Maldives,MDV,2001,8.2
Mali,MLI,2001,132960.0
Malta,MLT,2001,3.5
Marshall Islands,MHL,2001,94.0
Mauritania,MRT,2001,4162.0
Mauritius,MUS,2001,415.76
Mexico,MEX,2001,682375.46
"Micronesia, Fed. Sts.",FSM,2001,638.87
Moldova,MDA,2001,3474.1
Monaco,MCO,2001,0.0
Mongolia,MNG,2001,142559.0
Montenegro,MNE,2001,
Morocco,MAR,2001,55233.43
Mozambique,MOZ,2001,409664.14
Myanmar,MMR,2001,345253.99
Namibia,NAM,2001,79880.746
Nauru,NRU,2001,0.0
Nepal,NPL,2001,57988.87
Netherlands,NLD,2001,3608.98
New Caledonia,NCL,2001,8379.67
New Zealand,NZL,2001,98502.08
Nicaragua,NIC,2001,52782.03
Niger,NER,2001,13156.8
Nigeria,NGA,2001,247297.34
North Macedonia,MKD,2001,9578.38
Northern Mariana Islands,MNP,2001,317.96
Norway,NOR,2001,121119.0
Oman,OMN,2001,30.0
Pakistan,PAK,2001,44695.07
Palau,PLW,2001,396.78
Panama,PAN,2001,44307.25
Papua New Guinea,PNG,2001,362680.582
Paraguay,PRY,2001,226495.06
Peru,PER,2001,751730.27
Philippines,PHL,2001,72623.06
Poland,POL,2001,90860.0
Portugal,PRT,2001,32781.0
Puerto Rico,PRI,2001,4353.8
Qatar,QAT,2001,0.0
Romania,ROU,2001,63809.0
Russian Federation,RUS,2001,8098552.1
Rwanda,RWA,2001,2848.0
Samoa,WSM,2001,1708.28
San Marino,SMR,2001,10.0
Sao Tome and Principe,STP,2001,583.34
Saudi Arabia,SAU,2001,9770.0
Senegal,SEN,2001,88146.6
Serbia,SRB,2001,
Seychelles,SYC,2001,337.0
Sierra Leone,SLE,2001,29097.03
Singapore,SGP,2001,170.861
Sint Maarten (Dutch part),SXM,2001,
Slovak Republic,SVK,2001,19030.6
Slovenia,SVN,2001,12344.0
Solomon Islands,SLB,2001,25368.68
Somalia,SOM,2001,74382.5
South Africa,ZAF,2001,177416.9
South Sudan,SSD,2001,
Spain,ESP,2001,172390.71
Sri Lanka,LKA,2001,21601.4
St. Kitts and Nevis,KNA,2001,110.0
St. Lucia,LCA,2001,209.86
St. Martin (French part),MAF,2001,
St. Vincent and the Grenadines,VCT,2001,285.4
Sudan,SDN,2001,288086.61
Suriname,SUR,2001,153367.69
Sweden,SWE,2001,281540.0
Switzerland,CHE,2001,12000.34
Syrian Arab Republic,SYR,2001,4380.8
Tajikistan,TJK,2001,4100.0
Tanzania,TZA,2001,532980.1
Thailand,THA,2001,191055.0
Timor-Leste,TLS,2001,9477.0
Togo,TGO,2001,12655.046
Tonga,TON,2001,89.5
Trinidad and Tobago,TTO,2001,2362.26
Tunisia,TUN,2001,6698.08
Turkiye,TUR,2001,202418.23
Turkmenistan,TKM,2001,41270.0
Turks and Caicos Islands,TCA,2001,105.2
Tuvalu,TUV,2001,10.0
Uganda,UGA,2001,31216.97
Ukraine,UKR,2001,95138.0
United Arab Emirates,ARE,2001,3102.17
United Kingdom,GBR,2001,29645.0
United States,USA,2001,3040544.0
Uruguay,URY,2001,14052.3
Uzbekistan,UZB,2001,30002.749
Vanuatu,VUT,2001,4423.0
"Venezuela, RB",VEN,2001,489864.0
Vietnam,VNM,2001,119444.96
Virgin Islands (U.S.),VIR,2001,202.66
West Bank and Gaza,PSE,2001,91.67
"Yemen, Rep.",YEM,2001,5490.0
Zambia,ZMB,2001,470182.0
Zimbabwe,ZWE,2001,183199.1
Africa Eastern and Southern,AFE,2001,5032664.686
Africa Western and Central,AFW,2001,1945128.216
Arab World,ARB,2001,481389.93
Caribbean small states,CSS,2001,367616.67
Central Europe and the Baltics,CEB,2001,360147.66
Early-demographic dividend,EAR,2001,8049101.832
East Asia & Pacific,EAS,2001,6375269.613
East Asia & Pacific (excluding high income),EAP,2001,4632648.632
East Asia & Pacific (IDA & IBRD countries),TEA,2001,4568314.032
Euro area,EMU,2001,982131.839
Europe & Central Asia,ECS,2001,10366851.434
Europe & Central Asia (excluding high income),ECA,2001,8714807.726
Europe & Central Asia (IDA & IBRD countries),TEC,2001,8888361.726
European Union,EUU,2001,1522798.639
Fragile and conflict affected situations,FCS,2001,5166794.742
Heavily indebted poor countries (HIPC),HPC,2001,5905754.396
High income,HIC,2001,10343181.499
IBRD only,IBD,2001,24458973.533
IDA & IBRD total,IBT,2001,31554171.615
IDA blend,IDB,2001,1365409.411
IDA only,IDX,2001,5729788.671
IDA total,IDA,2001,7095198.082
Late-demographic dividend,LTE,2001,17562825.717
Latin America & Caribbean,LCN,2001,10099097.92
Latin America & Caribbean (excluding high income),LAC,2001,9193638.47
Latin America & the Caribbean (IDA & IBRD countries),TLA,2001,10064257.7
Least developed countries: UN classification,LDC,2001,6018543.561
Low & middle income,LMY,2001,30574087.655
Low income,LIC,2001,3340445.426
Lower middle income,LMC,2001,6230502.246
Middle East & North Africa,MEA,2001,210503.82
Middle East & North Africa (excluding high income),MNA,2001,196013.4
Middle East & North Africa (IDA & IBRD countries),TMN,2001,195921.73
Middle income,MIC,2001,27233642.229
North America,NAC,2001,6518093.94
Not classified,INX,2001,
OECD members,OED,2001,11512746.269
Other small states,OSS,2001,614272.916
Pacific island small states,PSS,2001,42872.38
Post-demographic dividend,PST,2001,9919212.5
Pre-demographic dividend,PRE,2001,5873261.276
Small states,SST,2001,1024761.966
South Asia,SAS,2001,859523.525
South Asia (IDA & IBRD),TSA,2001,859523.525
Sub-Saharan Africa,SSF,2001,6977792.902
Sub-Saharan Africa (excluding high income),SSA,2001,6977455.902
Sub-Saharan Africa (IDA & IBRD countries),TSS,2001,6977792.902
Upper middle income,UMC,2001,21003139.983
World,WLD,2001,41407133.154
Afghanistan,AFG,2002,12084.4
Albania,ALB,2002,7718.54
Algeria,DZA,2002,16468.0
American Samoa,ASM,2002,176.7
Andorra,AND,2002,160.0
Angola,AGO,2002,765984.88
Antigua and Barbuda,ATG,2002,93.16
Argentina,ARG,2002,327452.0
Armenia,ARM,2002,3322.24
Aruba,ABW,2002,4.2
Australia,AUS,2002,1313605.0
Austria,AUT,2002,38431.52
Azerbaijan,AZE,2002,9962.749
"Bahamas, The",BHS,2002,5098.6
Bahrain,BHR,2002,4.0
Bangladesh,BGD,2002,19139.309
Barbados,BRB,2002,63.0
Belarus,BLR,2002,83444.0
Belgium,BEL,2002,6718.14
Belize,BLZ,2002,14457.18
Benin,BEN,2002,40351.5
Bermuda,BMU,2002,10.0
Bhutan,BTN,2002,26258.58
Bolivia,BOL,2002,546983.14
Bosnia and Herzegovina,BIH,2002,21098.52
Botswana,BWA,2002,173841.0
Brazil,BRA,2002,5431870.2
British Virgin Islands,VGB,2002,36.64
Brunei Darussalam,BRN,2002,3936.0
Bulgaria,BGR,2002,34474.0
Burkina Faso,BFA,2002,71165.0
Burundi,BDI,2002,1939.4
Cabo Verde,CPV,2002,403.2
Cambodia,KHM,2002,107426.46
Cameroon,CMR,2002,214580.88
Canada,CAN,2002,3477060.18
Cayman Islands,CYM,2002,128.88
Central African Republic,CAF,2002,228430.0
Chad,TCD,2002,61884.0
Channel Islands,CHI,2002,8.68
Chile,CHL,2002,159987.0
China,CHN,2002,1817225.16
Colombia,COL,2002,623499.58
Comoros,COM,2002,408.04
"Congo, Dem. Rep.",COD,2002,1425530.0
"Congo, Rep.",COG,2002,221710.0
Costa Rica,CRI,2002,28600.16
Cote d'Ivoire,CIV,2002,48686.76
Croatia,HRV,2002,18920.0
Cuba,CUB,2002,25344.0
Curacao,CUW,2002,
Cyprus,CYP,2002,1718.56
Czechia,CZE,2002,26413.08
Denmark,DNK,2002,5745.78
Djibouti,DJI,2002,56.0
Dominica,DMA,2002,478.7
Dominican Republic,DOM,2002,19926.0
Ecuador,ECU,2002,135900.38
"Egypt, Arab Rep.",EGY,2002,604.96
El Salvador,SLV,2002,6648.8
Equatorial Guinea,GNQ,2002,25988.66
Eritrea,ERI,2002,11121.4
Estonia,EST,2002,22583.16
Eswatini,SWZ,2002,4757.1
Ethiopia,ETH,2002,183825.0
Faroe Islands,FRO,2002,0.8
Fiji,FJI,2002,10198.24
Finland,FIN,2002,224049.12
France,FRA,2002,155142.0
French Polynesia,PYF,2002,1487.32
Gabon,GAB,2002,236898.82
"Gambia, The",GMB,2002,3458.64
Georgia,GEO,2002,27729.6
Germany,DEU,2002,113650.0
Ghana,GHA,2002,86674.74
Gibraltar,GIB,2002,0.0
Greece,GRC,2002,36605.443
Greenland,GRL,2002,2.2
Grenada,GRD,2002,177.0
Guam,GUM,2002,240.0
Guatemala,GTM,2002,41118.8
Guinea,GIN,2002,68570.0
Guinea-Bissau,GNB,2002,21319.9
Guyana,GUY,2002,185553.38
Haiti,HTI,2002,3801.96
Honduras,HND,2002,67377.1
"Hong Kong SAR, China",HKG,2002,
Hungary,HUN,2002,19462.14
Iceland,ISL,2002,327.98
India,IND,2002,679720.0
Indonesia,IDN,2002,1009558.4
"Iran, Islamic Rep.",IRN,2002,95989.24
Iraq,IRQ,2002,8194.0
Ireland,IRL,2002,6483.64
Isle of Man,IMN,2002,34.6
Israel,ISR,2002,1532.0
Italy,ITA,2002,85010.08
Jamaica,JAM,2002,5284.9
Japan,JPN,2002,248940.0
Jordan,JOR,2002,975.0
Kazakhstan,KAZ,2002,31419.765
Kenya,KEN,2002,38922.2
Kiribati,KIR,2002,11.8
"Korea, Dem. People's Rep.",PRK,2002,64122.3
"Korea, Rep.",KOR,2002,64582.0
Kosovo,XKX,2002,
Kuwait,KWT,2002,51.3
Kyrgyz Republic,KGZ,2002,11906.56
Lao PDR,LAO,2002,173281.0
Latvia,LVA,2002,32672.24
Lebanon,LBN,2002,1380.14
Lesotho,LSO,2002,345.2
Liberia,LBR,2002,81621.2
Libya,LBY,2002,2170.0
Liechtenstein,LIE,2002,66.998
Lithuania,LTU,2002,20500.0
Luxembourg,LUX,2002,871.0
"Macao SAR, China",MAC,2002,
Madagascar,MDG,2002,129369.32
Malawi,MWI,2002,29977.0
Malaysia,MYS,2002,195426.1
Maldives,MDV,2002,8.2
Mali,MLI,2002,132960.0
Malta,MLT,2002,3.5
Marshall Islands,MHL,2002,94.0
Mauritania,MRT,2002,4107.6
Mauritius,MUS,2002,412.22
Mexico,MEX,2002,680937.42
"Micronesia, Fed. Sts.",FSM,2002,639.14
Moldova,MDA,2002,3504.2
Monaco,MCO,2002,0.0
Mongolia,MNG,2002,142479.0
Montenegro,MNE,2002,
Morocco,MAR,2002,55401.46
Mozambique,MOZ,2002,407448.28
Myanmar,MMR,2002,341826.88
Namibia,NAM,2002,79170.652
Nauru,NRU,2002,0.0
Nepal,NPL,2002,58170.14
Netherlands,NLD,2002,3622.96
New Caledonia,NCL,2002,8380.84
New Zealand,NZL,2002,98499.76
Nicaragua,NIC,2002,51570.86
Niger,NER,2002,13032.6
Nigeria,NGA,2002,245664.28
North Macedonia,MKD,2002,9581.26
Northern Mariana Islands,MNP,2002,316.32
Norway,NOR,2002,121108.0
Oman,OMN,2002,30.0
Pakistan,PAK,2002,44277.54
Palau,PLW,2002,397.76
Panama,PAN,2002,44193.1
Papua New Guinea,PNG,2002,362581.501
Paraguay,PRY,2002,223073.62
Peru,PER,2002,750482.24
Philippines,PHL,2002,72153.52
Poland,POL,2002,91130.0
Portugal,PRT,2002,32752.0
Puerto Rico,PRI,2002,4416.1
Qatar,QAT,2002,0.0
Romania,ROU,2002,63958.0
Russian Federation,RUS,2002,8104419.2
Rwanda,RWA,2002,2826.0
Samoa,WSM,2002,1703.46
San Marino,SMR,2002,10.0
Sao Tome and Principe,STP,2002,583.08
Saudi Arabia,SAU,2002,9770.0
Senegal,SEN,2002,87761.6
Serbia,SRB,2002,
Seychelles,SYC,2002,337.0
Sierra Leone,SLE,2002,28899.76
Singapore,SGP,2002,171.588
Sint Maarten (Dutch part),SXM,2002,
Slovak Republic,SVK,2002,19047.1
Slovenia,SVN,2002,12358.0
Solomon Islands,SLB,2002,25361.36
Somalia,SOM,2002,73615.0
South Africa,ZAF,2002,177052.9
South Sudan,SSD,2002,
Spain,ESP,2002,173842.12
Sri Lanka,LKA,2002,21538.6
St. Kitts and Nevis,KNA,2002,110.0
St. Lucia,LCA,2002,209.62
St. Martin (French part),MAF,2002,
St. Vincent and the Grenadines,VCT,2002,285.4
Sudan,SDN,2002,286341.62
Suriname,SUR,2002,153326.68
Sweden,SWE,2002,281450.0
Switzerland,CHE,2002,12038.88
Syrian Arab Republic,SYR,2002,4440.8
Tajikistan,TJK,2002,4100.0
Tanzania,TZA,2002,529260.1
Thailand,THA,2002,192130.0
Timor-Leste,TLS,2002,9463.0
Togo,TGO,2002,12625.452
Tonga,TON,2002,89.5
Trinidad and Tobago,TTO,2002,2358.02
Tunisia,TUN,2002,6717.66
Turkiye,TUR,2002,203352.96
Turkmenistan,TKM,2002,41270.0
Turks and Caicos Islands,TCA,2002,105.2
Tuvalu,TUV,2002,10.0
Uganda,UGA,2002,30804.44
Ukraine,UKR,2002,95176.0
United Arab Emirates,ARE,2002,3110.04
United Kingdom,GBR,2002,29750.0
United States,USA,2002,3045728.0
Uruguay,URY,2002,14414.6
Uzbekistan,UZB,2002,30390.888
Vanuatu,VUT,2002,4423.0
"Venezuela, RB",VEN,2002,488218.0
Vietnam,VNM,2002,121048.92
Virgin Islands (U.S.),VIR,2002,200.62
West Bank and Gaza,PSE,2002,92.54
"Yemen, Rep.",YEM,2002,5490.0
Zambia,ZMB,2002,469824.0
Zimbabwe,ZWE,2002,182738.4
Africa Eastern and Southern,AFE,2002,5006434.232
Africa Western and Central,AFW,2002,1936794.592
Arab World,ARB,2002,479428.16
Caribbean small states,CSS,2002,367495.64
Central Europe and the Baltics,CEB,2002,361517.72
Early-demographic dividend,EAR,2002,8027513.47
East Asia & Pacific,EAS,2002,6391986.029
East Asia & Pacific (excluding high income),EAP,2002,4651650.501
East Asia & Pacific (IDA & IBRD countries),TEA,2002,4587528.201
Euro area,EMU,2002,986060.583
Europe & Central Asia,ECS,2002,10379514.703
Europe & Central Asia (excluding high income),ECA,2002,8722870.482
Europe & Central Asia (IDA & IBRD countries),TEC,2002,8896878.482
European Union,EUU,2002,1527613.583
Fragile and conflict affected situations,FCS,2002,5144737.521
Heavily indebted poor countries (HIPC),HPC,2002,5878083.152
High income,HIC,2002,10351378.269
IBRD only,IBD,2002,24431898.566
IDA & IBRD total,IBT,2002,31495108.536
IDA blend,IDB,2002,1362080.849
IDA only,IDX,2002,5701129.121
IDA total,IDA,2002,7063209.97
Late-demographic dividend,LTE,2002,17554919.474
Latin America & Caribbean,LCN,2002,10043786.24
Latin America & Caribbean (excluding high income),LAC,2002,9138805.74
Latin America & the Caribbean (IDA & IBRD countries),TLA,2002,10008389.0
Least developed countries: UN classification,LDC,2002,5987770.901
Low & middle income,LMY,2002,30515395.116
Low income,LIC,2002,3324331.512
Lower middle income,LMC,2002,6211735.738
Middle East & North Africa,MEA,2002,212480.64
Middle East & North Africa (excluding high income),MNA,2002,197979.8
Middle East & North Africa (IDA & IBRD countries),TMN,2002,197887.26
Middle income,MIC,2002,27191063.604
North America,NAC,2002,6522798.18
Not classified,INX,2002,
OECD members,OED,2002,11518088.443
Other small states,OSS,2002,612292.492
Pacific island small states,PSS,2002,42928.26
Post-demographic dividend,PST,2002,9926722.971
Pre-demographic dividend,PRE,2002,5843104.912
Small states,SST,2002,1022716.392
South Asia,SAS,2002,861196.769
South Asia (IDA & IBRD),TSA,2002,861196.769
Sub-Saharan Africa,SSF,2002,6943228.824
Sub-Saharan Africa (excluding high income),SSA,2002,6942891.824
Sub-Saharan Africa (IDA & IBRD countries),TSS,2002,6943228.824
Upper middle income,UMC,2002,20979327.866
World,WLD,2002,41354991.385
Afghanistan,AFG,2003,12084.4
Albania,ALB,2003,7731.31
Algeria,DZA,2003,16807.0
American Samoa,ASM,2003,176.4
Andorra,AND,2003,160.0
Angola,AGO,2003,760434.27
Antigua and Barbuda,ATG,2003,92.49
Argentina,ARG,2003,324288.0
Armenia,ARM,2003,3320.16
Aruba,ABW,2003,4.2
Australia,AUS,2003,1311337.0
Austria,AUT,2003,38456.58
Azerbaijan,AZE,2003,10008.024
"Bahamas, The",BHS,2003,5098.6
Bahrain,BHR,2003,4.15
Bangladesh,BGD,2003,19107.323
Barbados,BRB,2003,63.0
Belarus,BLR,2003,83801.0
Belgium,BEL,2003,6740.71
Belize,BLZ,2003,14389.27
Benin,BEN,2003,39851.5
Bermuda,BMU,2003,10.0
Bhutan,BTN,2003,26357.87
Bolivia,BOL,2003,544967.76
Bosnia and Herzegovina,BIH,2003,21089.53
Botswana,BWA,2003,172658.0
Brazil,BRA,2003,5392362.3
British Virgin Islands,VGB,2003,36.61
Brunei Darussalam,BRN,2003,3919.0
Bulgaria,BGR,2003,34836.0
Burkina Faso,BFA,2003,70665.0
Burundi,BDI,2003,1939.4
Cabo Verde,CPV,2003,406.2
Cambodia,KHM,2003,107234.69
Cameroon,CMR,2003,213883.87
Canada,CAN,2003,3476580.42
Cayman Islands,CYM,2003,128.67
Central African Republic,CAF,2003,228130.0
Chad,TCD,2003,61061.0
Channel Islands,CHI,2003,8.87
Chile,CHL,2003,160895.2
China,CHN,2003,1840834.99
Colombia,COL,2003,621571.87
Comoros,COM,2003,403.66
"Congo, Dem. Rep.",COD,2003,1418800.0
"Congo, Rep.",COG,2003,221590.0
Costa Rica,CRI,2003,28614.14
Cote d'Ivoire,CIV,2003,47557.89
Croatia,HRV,2003,18955.0
Cuba,CUB,2003,25841.0
Curacao,CUW,2003,
Cyprus,CYP,2003,1719.79
Czechia,CZE,2003,26433.17
Denmark,DNK,2003,5760.67
Djibouti,DJI,2003,56.0
Dominica,DMA,2003,478.7
Dominican Republic,DOM,2003,20026.65
Ecuador,ECU,2003,135198.07
"Egypt, Arab Rep.",EGY,2003,611.39
El Salvador,SLV,2003,6603.8
Equatorial Guinea,GNQ,2003,25905.09
Eritrea,ERI,2003,11089.8
Estonia,EST,2003,22680.29
Eswatini,SWZ,2003,4769.25
Ethiopia,ETH,2003,183095.0
Faroe Islands,FRO,2003,0.8
Fiji,FJI,2003,10265.01
Finland,FIN,2003,223845.48
France,FRA,2003,156273.0
French Polynesia,PYF,2003,1488.23
Gabon,GAB,2003,236848.23
"Gambia, The",GMB,2003,3401.31
Georgia,GEO,2003,27791.4
Germany,DEU,2003,113705.0
Ghana,GHA,2003,85769.06
Gibraltar,GIB,2003,0.0
Greece,GRC,2003,36907.016
Greenland,GRL,2003,2.2
Grenada,GRD,2003,177.0
Guam,GUM,2003,240.0
Guatemala,GTM,2003,40632.2
Guinea,GIN,2003,68210.0
Guinea-Bissau,GNB,2003,21235.45
Guyana,GUY,2003,185508.97
Haiti,HTI,2003,3799.69
Honduras,HND,2003,67174.3
"Hong Kong SAR, China",HKG,2003,
Hungary,HUN,2003,19587.36
Iceland,ISL,2003,342.82
India,IND,2003,681625.0
Indonesia,IDN,2003,1007937.6
"Iran, Islamic Rep.",IRN,2003,97355.56
Iraq,IRQ,2003,8201.0
Ireland,IRL,2003,6573.66
Isle of Man,IMN,2003,34.6
Israel,ISR,2003,1533.0
Italy,ITA,2003,85668.87
Jamaica,JAM,2003,5322.35
Japan,JPN,2003,249030.0
Jordan,JOR,2003,975.0
Kazakhstan,KAZ,2003,31345.019
Kenya,KEN,2003,38577.35
Kiribati,KIR,2003,11.8
"Korea, Dem. People's Rep.",PRK,2003,63910.0
"Korea, Rep.",KOR,2003,64493.0
Kosovo,XKX,2003,
Kuwait,KWT,2003,52.7
Kyrgyz Republic,KGZ,2003,11955.34
Lao PDR,LAO,2003,172796.5
Latvia,LVA,2003,32803.36
Lebanon,LBN,2003,1379.31
Lesotho,LSO,2003,345.2
Liberia,LBR,2003,81318.6
Libya,LBY,2003,2170.0
Liechtenstein,LIE,2003,66.998
Lithuania,LTU,2003,20650.0
Luxembourg,LUX,2003,873.0
"Macao SAR, China",MAC,2003,
Madagascar,MDG,2003,128900.63
Malawi,MWI,2003,29557.0
Malaysia,MYS,2003,194682.4
Maldives,MDV,2003,8.2
Mali,MLI,2003,132960.0
Malta,MLT,2003,3.5
Marshall Islands,MHL,2003,94.0
Mauritania,MRT,2003,4053.2
Mauritius,MUS,2003,408.68
Mexico,MEX,2003,679499.38
"Micronesia, Fed. Sts.",FSM,2003,639.41
Moldova,MDA,2003,3534.3
Monaco,MCO,2003,0.0
Mongolia,MNG,2003,142399.0
Montenegro,MNE,2003,
Morocco,MAR,2003,55569.49
Mozambique,MOZ,2003,405232.42
Myanmar,MMR,2003,338399.77
Namibia,NAM,2003,78460.558
Nauru,NRU,2003,0.0
Nepal,NPL,2003,58351.41
Netherlands,NLD,2003,3636.94
New Caledonia,NCL,2003,8382.01
New Zealand,NZL,2003,98497.44
Nicaragua,NIC,2003,50359.69
Niger,NER,2003,12908.4
Nigeria,NGA,2003,244031.22
North Macedonia,MKD,2003,9584.14
Northern Mariana Islands,MNP,2003,314.68
Norway,NOR,2003,121097.0
Oman,OMN,2003,30.0
Pakistan,PAK,2003,43860.01
Palau,PLW,2003,398.74
Panama,PAN,2003,44078.95
Papua New Guinea,PNG,2003,362482.42
Paraguay,PRY,2003,219652.18
Peru,PER,2003,749234.21
Philippines,PHL,2003,71683.98
Poland,POL,2003,91400.0
Portugal,PRT,2003,32723.0
Puerto Rico,PRI,2003,4478.4
Qatar,QAT,2003,0.0
Romania,ROU,2003,64107.0
Russian Federation,RUS,2003,8110286.3
Rwanda,RWA,2003,2804.0
Samoa,WSM,2003,1698.64
San Marino,SMR,2003,10.0
Sao Tome and Principe,STP,2003,582.82
Saudi Arabia,SAU,2003,9770.0
Senegal,SEN,2003,87376.6
Serbia,SRB,2003,
Seychelles,SYC,2003,337.0
Sierra Leone,SLE,2003,28702.49
Singapore,SGP,2003,172.315
Sint Maarten (Dutch part),SXM,2003,
Slovak Republic,SVK,2003,19063.6
Slovenia,SVN,2003,12372.0
Solomon Islands,SLB,2003,25354.04
Somalia,SOM,2003,72847.5
South Africa,ZAF,2003,176688.9
South Sudan,SSD,2003,
Spain,ESP,2003,175293.53
Sri Lanka,LKA,2003,21475.8
St. Kitts and Nevis,KNA,2003,110.0
St. Lucia,LCA,2003,209.38
St. Martin (French part),MAF,2003,
St. Vincent and the Grenadines,VCT,2003,285.4
Sudan,SDN,2003,284596.63
Suriname,SUR,2003,153285.67
Sweden,SWE,2003,281360.0
Switzerland,CHE,2003,12077.42
Syrian Arab Republic,SYR,2003,4500.8
Tajikistan,TJK,2003,4100.0
Tanzania,TZA,2003,525540.1
Thailand,THA,2003,193205.0
Timor-Leste,TLS,2003,9449.0
Togo,TGO,2003,12595.858
Tonga,TON,2003,89.5
Trinidad and Tobago,TTO,2003,2353.78
Tunisia,TUN,2003,6737.24
Turkiye,TUR,2003,204287.69
Turkmenistan,TKM,2003,41270.0
Turks and Caicos Islands,TCA,2003,105.2
Tuvalu,TUV,2003,10.0
Uganda,UGA,2003,30391.91
Ukraine,UKR,2003,95214.0
United Arab Emirates,ARE,2003,3117.91
United Kingdom,GBR,2003,29855.0
United States,USA,2003,3050912.0
Uruguay,URY,2003,14776.9
Uzbekistan,UZB,2003,30779.027
Vanuatu,VUT,2003,4423.0
"Venezuela, RB",VEN,2003,486572.0
Vietnam,VNM,2003,122652.88
Virgin Islands (U.S.),VIR,2003,198.58
West Bank and Gaza,PSE,2003,93.41
"Yemen, Rep.",YEM,2003,5490.0
Zambia,ZMB,2003,469466.0
Zimbabwe,ZWE,2003,182277.7
Africa Eastern and Southern,AFE,2003,4980203.778
Africa Western and Central,AFW,2003,1928460.968
Arab World,ARB,2003,477466.39
Caribbean small states,CSS,2003,367374.61
Central Europe and the Baltics,CEB,2003,362887.78
Early-demographic dividend,EAR,2003,8005925.108
East Asia & Pacific,EAS,2003,6408702.445
East Asia & Pacific (excluding high income),EAP,2003,4670652.37
East Asia & Pacific (IDA & IBRD countries),TEA,2003,4606742.37
Euro area,EMU,2003,989989.326
Europe & Central Asia,ECS,2003,10392177.974
Europe & Central Asia (excluding high income),ECA,2003,8730933.24
Europe & Central Asia (IDA & IBRD countries),TEC,2003,8905395.24
European Union,EUU,2003,1532428.526
Fragile and conflict affected situations,FCS,2003,5122680.3
Heavily indebted poor countries (HIPC),HPC,2003,5850411.908
High income,HIC,2003,10359575.039
IBRD only,IBD,2003,24404823.601
IDA & IBRD total,IBT,2003,31436045.459
IDA blend,IDB,2003,1358752.287
IDA only,IDX,2003,5672469.571
IDA total,IDA,2003,7031221.858
Late-demographic dividend,LTE,2003,17547013.233
Latin America & Caribbean,LCN,2003,9988474.56
Latin America & Caribbean (excluding high income),LAC,2003,9083973.01
Latin America & the Caribbean (IDA & IBRD countries),TLA,2003,9952520.3
Least developed countries: UN classification,LDC,2003,5956998.241
Low & middle income,LMY,2003,30456702.579
Low income,LIC,2003,3308217.598
Lower middle income,LMC,2003,6192969.23
Middle East & North Africa,MEA,2003,214457.46
Middle East & North Africa (excluding high income),MNA,2003,199946.2
Middle East & North Africa (IDA & IBRD countries),TMN,2003,199852.79
Middle income,MIC,2003,27148484.981
North America,NAC,2003,6527502.42
Not classified,INX,2003,
OECD members,OED,2003,11523430.616
Other small states,OSS,2003,610312.068
Pacific island small states,PSS,2003,42984.14
Post-demographic dividend,PST,2003,9934233.441
Pre-demographic dividend,PRE,2003,5812948.548
Small states,SST,2003,1020670.818
South Asia,SAS,2003,862870.013
South Asia (IDA & IBRD),TSA,2003,862870.013
Sub-Saharan Africa,SSF,2003,6908664.746
Sub-Saharan Africa (excluding high income),SSA,2003,6908327.746
Sub-Saharan Africa (IDA & IBRD countries),TSS,2003,6908664.746
Upper middle income,UMC,2003,20955515.751
World,WLD,2003,41302849.618
Afghanistan,AFG,2004,12084.4
Albania,ALB,2004,7744.08
Algeria,DZA,2004,17146.0
American Samoa,ASM,2004,176.1
Andorra,AND,2004,160.0
Angola,AGO,2004,754883.66
Antigua and Barbuda,ATG,2004,91.82
Argentina,ARG,2004,321124.0
Armenia,ARM,2004,3318.08
Aruba,ABW,2004,4.2
Australia,AUS,2004,1309069.0
Austria,AUT,2004,38481.64
Azerbaijan,AZE,2004,10053.298
"Bahamas, The",BHS,2004,5098.6
Bahrain,BHR,2004,4.3
Bangladesh,BGD,2004,19075.337
Barbados,BRB,2004,63.0
Belarus,BLR,2004,84158.0
Belgium,BEL,2004,6763.28
Belize,BLZ,2004,14321.36
Benin,BEN,2004,39351.5
Bermuda,BMU,2004,10.0
Bhutan,BTN,2004,26457.16
Bolivia,BOL,2004,542952.38
Bosnia and Herzegovina,BIH,2004,21080.54
Botswana,BWA,2004,171475.0
Brazil,BRA,2004,5352854.4
British Virgin Islands,VGB,2004,36.58
Brunei Darussalam,BRN,2004,3902.0
Bulgaria,BGR,2004,35198.0
Burkina Faso,BFA,2004,70165.0
Burundi,BDI,2004,1939.4
Cabo Verde,CPV,2004,409.2
Cambodia,KHM,2004,107042.92
Cameroon,CMR,2004,213186.86
Canada,CAN,2004,3476100.66
Cayman Islands,CYM,2004,128.46
Central African Republic,CAF,2004,227830.0
Chad,TCD,2004,60238.0
Channel Islands,CHI,2004,9.06
Chile,CHL,2004,161803.4
China,CHN,2004,1864444.82
Colombia,COL,2004,619644.16
Comoros,COM,2004,399.28
"Congo, Dem. Rep.",COD,2004,1412070.0
"Congo, Rep.",COG,2004,221470.0
Costa Rica,CRI,2004,28628.12
Cote d'Ivoire,CIV,2004,46429.02
Croatia,HRV,2004,18990.0
Cuba,CUB,2004,26338.0
Curacao,CUW,2004,
Cyprus,CYP,2004,1721.02
Czechia,CZE,2004,26453.26
Denmark,DNK,2004,5775.56
Djibouti,DJI,2004,56.0
Dominica,DMA,2004,478.7
Dominican Republic,DOM,2004,20127.3
Ecuador,ECU,2004,134495.76
"Egypt, Arab Rep.",EGY,2004,617.82
El Salvador,SLV,2004,6558.8
Equatorial Guinea,GNQ,2004,25821.52
Eritrea,ERI,2004,11058.2
Estonia,EST,2004,22777.42
Eswatini,SWZ,2004,4781.4
Ethiopia,ETH,2004,182365.0
Faroe Islands,FRO,2004,0.8
Fiji,FJI,2004,10331.78
Finland,FIN,2004,223641.84
France,FRA,2004,157404.0
French Polynesia,PYF,2004,1489.14
Gabon,GAB,2004,236797.64
"Gambia, The",GMB,2004,3343.98
Georgia,GEO,2004,27853.2
Germany,DEU,2004,113760.0
Ghana,GHA,2004,84863.38
Gibraltar,GIB,2004,0.0
Greece,GRC,2004,37208.59
Greenland,GRL,2004,2.2
Grenada,GRD,2004,177.0
Guam,GUM,2004,240.0
Guatemala,GTM,2004,40145.6
Guinea,GIN,2004,67850.0
Guinea-Bissau,GNB,2004,21151.0
Guyana,GUY,2004,185464.56
Haiti,HTI,2004,3797.42
Honduras,HND,2004,66971.5
"Hong Kong SAR, China",HKG,2004,
Hungary,HUN,2004,19712.58
Iceland,ISL,2004,357.66
India,IND,2004,683530.0
Indonesia,IDN,2004,1006316.8
"Iran, Islamic Rep.",IRN,2004,98721.88
Iraq,IRQ,2004,8208.0
Ireland,IRL,2004,6663.68
Isle of Man,IMN,2004,34.6
Israel,ISR,2004,1534.0
Italy,ITA,2004,86327.66
Jamaica,JAM,2004,5359.8
Japan,JPN,2004,249120.0
Jordan,JOR,2004,975.0
Kazakhstan,KAZ,2004,31270.273
Kenya,KEN,2004,38232.5
Kiribati,KIR,2004,11.8
"Korea, Dem. People's Rep.",PRK,2004,63697.7
"Korea, Rep.",KOR,2004,64404.0
Kosovo,XKX,2004,
Kuwait,KWT,2004,54.1
Kyrgyz Republic,KGZ,2004,12004.12
Lao PDR,LAO,2004,172312.0
Latvia,LVA,2004,32934.48
Lebanon,LBN,2004,1378.48
Lesotho,LSO,2004,345.2
Liberia,LBR,2004,81016.0
Libya,LBY,2004,2170.0
Liechtenstein,LIE,2004,66.997
Lithuania,LTU,2004,20800.0
Luxembourg,LUX,2004,875.0
"Macao SAR, China",MAC,2004,
Madagascar,MDG,2004,128431.94
Malawi,MWI,2004,29137.0
Malaysia,MYS,2004,193938.7
Maldives,MDV,2004,8.2
Mali,MLI,2004,132960.0
Malta,MLT,2004,3.5
Marshall Islands,MHL,2004,94.0
Mauritania,MRT,2004,3998.8
Mauritius,MUS,2004,405.14
Mexico,MEX,2004,678061.34
"Micronesia, Fed. Sts.",FSM,2004,639.68
Moldova,MDA,2004,3564.4
Monaco,MCO,2004,0.0
Mongolia,MNG,2004,142319.0
Montenegro,MNE,2004,
Morocco,MAR,2004,55737.52
Mozambique,MOZ,2004,403016.56
Myanmar,MMR,2004,334972.66
Namibia,NAM,2004,77750.464
Nauru,NRU,2004,0.0
Nepal,NPL,2004,58532.68
Netherlands,NLD,2004,3650.92
New Caledonia,NCL,2004,8383.18
New Zealand,NZL,2004,98495.12
Nicaragua,NIC,2004,49148.52
Niger,NER,2004,12784.2
Nigeria,NGA,2004,242398.16
North Macedonia,MKD,2004,9587.02
Northern Mariana Islands,MNP,2004,313.04
Norway,NOR,2004,121086.0
Oman,OMN,2004,30.0
Pakistan,PAK,2004,43442.48
Palau,PLW,2004,399.72
Panama,PAN,2004,43964.8
Papua New Guinea,PNG,2004,362383.339
Paraguay,PRY,2004,216230.74
Peru,PER,2004,747986.18
Philippines,PHL,2004,71214.44
Poland,POL,2004,91670.0
Portugal,PRT,2004,32694.0
Puerto Rico,PRI,2004,4540.7
Qatar,QAT,2004,0.0
Romania,ROU,2004,64256.0
Russian Federation,RUS,2004,8116153.4
Rwanda,RWA,2004,2782.0
Samoa,WSM,2004,1693.82
San Marino,SMR,2004,10.0
Sao Tome and Principe,STP,2004,582.56
Saudi Arabia,SAU,2004,9770.0
Senegal,SEN,2004,86991.6
Serbia,SRB,2004,
Seychelles,SYC,2004,337.0
Sierra Leone,SLE,2004,28505.22
Singapore,SGP,2004,173.042
Sint Maarten (Dutch part),SXM,2004,
Slovak Republic,SVK,2004,19080.1
Slovenia,SVN,2004,12386.0
Solomon Islands,SLB,2004,25346.72
Somalia,SOM,2004,72080.0
South Africa,ZAF,2004,176324.9
South Sudan,SSD,2004,
Spain,ESP,2004,176744.94
Sri Lanka,LKA,2004,21413.0
St. Kitts and Nevis,KNA,2004,110.0
St. Lucia,LCA,2004,209.14
St. Martin (French part),MAF,2004,
St. Vincent and the Grenadines,VCT,2004,285.4
Sudan,SDN,2004,282851.64
Suriname,SUR,2004,153244.66
Sweden,SWE,2004,281270.0
Switzerland,CHE,2004,12115.96
Syrian Arab Republic,SYR,2004,4560.8
Tajikistan,TJK,2004,4100.0
Tanzania,TZA,2004,521820.1
Thailand,THA,2004,194280.0
Timor-Leste,TLS,2004,9435.0
Togo,TGO,2004,12566.264
Tonga,TON,2004,89.5
Trinidad and Tobago,TTO,2004,2349.54
Tunisia,TUN,2004,6756.82
Turkiye,TUR,2004,205222.42
Turkmenistan,TKM,2004,41270.0
Turks and Caicos Islands,TCA,2004,105.2
Tuvalu,TUV,2004,10.0
Uganda,UGA,2004,29979.38
Ukraine,UKR,2004,95252.0
United Arab Emirates,ARE,2004,3125.78
United Kingdom,GBR,2004,29960.0
United States,USA,2004,3056096.0
Uruguay,URY,2004,15139.2
Uzbekistan,UZB,2004,31167.166
Vanuatu,VUT,2004,4423.0
"Venezuela, RB",VEN,2004,484926.0
Vietnam,VNM,2004,124256.84
Virgin Islands (U.S.),VIR,2004,196.54
West Bank and Gaza,PSE,2004,94.28
"Yemen, Rep.",YEM,2004,5490.0
Zambia,ZMB,2004,469108.0
Zimbabwe,ZWE,2004,181817.0
Africa Eastern and Southern,AFE,2004,4953973.324
Africa Western and Central,AFW,2004,1920127.344
Arab World,ARB,2004,475504.62
Caribbean small states,CSS,2004,367253.58
Central Europe and the Baltics,CEB,2004,364257.84
Early-demographic dividend,EAR,2004,7984336.746
East Asia & Pacific,EAS,2004,6425418.861
East Asia & Pacific (excluding high income),EAP,2004,4689654.239
East Asia & Pacific (IDA & IBRD countries),TEA,2004,4625956.539
Euro area,EMU,2004,993918.07
Europe & Central Asia,ECS,2004,10404841.244
Europe & Central Asia (excluding high income),ECA,2004,8738995.997
Europe & Central Asia (IDA & IBRD countries),TEC,2004,8913911.997
European Union,EUU,2004,1537243.47
Fragile and conflict affected situations,FCS,2004,5100623.079
Heavily indebted poor countries (HIPC),HPC,2004,5822740.664
High income,HIC,2004,10367771.809
IBRD only,IBD,2004,24377748.635
IDA & IBRD total,IBT,2004,31376982.381
IDA blend,IDB,2004,1355423.725
IDA only,IDX,2004,5643810.021
IDA total,IDA,2004,6999233.746
Late-demographic dividend,LTE,2004,17539106.991
Latin America & Caribbean,LCN,2004,9933162.88
Latin America & Caribbean (excluding high income),LAC,2004,9029140.28
Latin America & the Caribbean (IDA & IBRD countries),TLA,2004,9896651.6
Least developed countries: UN classification,LDC,2004,5926225.581
Low & middle income,LMY,2004,30398010.041
Low income,LIC,2004,3292103.684
Lower middle income,LMC,2004,6174202.722
Middle East & North Africa,MEA,2004,216434.28
Middle East & North Africa (excluding high income),MNA,2004,201912.6
Middle East & North Africa (IDA & IBRD countries),TMN,2004,201818.32
Middle income,MIC,2004,27105906.357
North America,NAC,2004,6532206.66
Not classified,INX,2004,
OECD members,OED,2004,11528772.79
Other small states,OSS,2004,608331.644
Pacific island small states,PSS,2004,43040.02
Post-demographic dividend,PST,2004,9941743.912
Pre-demographic dividend,PRE,2004,5782792.184
Small states,SST,2004,1018625.244
South Asia,SAS,2004,864543.257
South Asia (IDA & IBRD),TSA,2004,864543.257
Sub-Saharan Africa,SSF,2004,6874100.668
Sub-Saharan Africa (excluding high income),SSA,2004,6873763.668
Sub-Saharan Africa (IDA & IBRD countries),TSS,2004,6874100.668
Upper middle income,UMC,2004,20931703.635
World,WLD,2004,41250707.85
Afghanistan,AFG,2005,12084.4
Albania,ALB,2005,7756.85
Algeria,DZA,2005,17485.0
American Samoa,ASM,2005,175.8
Andorra,AND,2005,160.0
Angola,AGO,2005,749333.05
Antigua and Barbuda,ATG,2005,91.15
Argentina,ARG,2005,317960.0
Armenia,ARM,2005,3316.0
Aruba,ABW,2005,4.2
Australia,AUS,2005,1306801.0
Austria,AUT,2005,38506.7
Azerbaijan,AZE,2005,10098.573
"Bahamas, The",BHS,2005,5098.6
Bahrain,BHR,2005,4.45
Bangladesh,BGD,2005,19043.351
Barbados,BRB,2005,63.0
Belarus,BLR,2005,84515.0
Belgium,BEL,2005,6785.85
Belize,BLZ,2005,14253.45
Benin,BEN,2005,38851.5
Bermuda,BMU,2005,10.0
Bhutan,BTN,2005,26556.45
Bolivia,BOL,2005,540937.0
Bosnia and Herzegovina,BIH,2005,21071.55
Botswana,BWA,2005,170292.0
Brazil,BRA,2005,5313346.5
British Virgin Islands,VGB,2005,36.55
Brunei Darussalam,BRN,2005,3885.0
Bulgaria,BGR,2005,35560.0
Burkina Faso,BFA,2005,69665.0
Burundi,BDI,2005,1939.4
Cabo Verde,CPV,2005,412.2
Cambodia,KHM,2005,106851.15
Cameroon,CMR,2005,212489.85
Canada,CAN,2005,3475620.9
Cayman Islands,CYM,2005,128.25
Central African Republic,CAF,2005,227530.0
Chad,TCD,2005,59415.0
Channel Islands,CHI,2005,9.25
Chile,CHL,2005,162711.6
China,CHN,2005,1888054.65
Colombia,COL,2005,617716.45
Comoros,COM,2005,394.9
"Congo, Dem. Rep.",COD,2005,1405340.0
"Congo, Rep.",COG,2005,221350.0
Costa Rica,CRI,2005,28642.1
Cote d'Ivoire,CIV,2005,45300.15
Croatia,HRV,2005,19025.0
Cuba,CUB,2005,26835.0
Curacao,CUW,2005,
Cyprus,CYP,2005,1722.25
Czechia,CZE,2005,26473.35
Denmark,DNK,2005,5790.45
Djibouti,DJI,2005,56.0
Dominica,DMA,2005,478.7
Dominican Republic,DOM,2005,20227.95
Ecuador,ECU,2005,133793.45
"Egypt, Arab Rep.",EGY,2005,624.25
El Salvador,SLV,2005,6513.8
Equatorial Guinea,GNQ,2005,25737.95
Eritrea,ERI,2005,11026.6
Estonia,EST,2005,22874.55
Eswatini,SWZ,2005,4793.55
Ethiopia,ETH,2005,181635.0
Faroe Islands,FRO,2005,0.8
Fiji,FJI,2005,10398.55
Finland,FIN,2005,223438.2
France,FRA,2005,158535.0
French Polynesia,PYF,2005,1490.05
Gabon,GAB,2005,236747.05
"Gambia, The",GMB,2005,3286.65
Georgia,GEO,2005,27915.0
Germany,DEU,2005,113815.0
Ghana,GHA,2005,83957.7
Gibraltar,GIB,2005,0.0
Greece,GRC,2005,37510.163
Greenland,GRL,2005,2.2
Grenada,GRD,2005,177.0
Guam,GUM,2005,240.0
Guatemala,GTM,2005,39659.0
Guinea,GIN,2005,67490.0
Guinea-Bissau,GNB,2005,21066.55
Guyana,GUY,2005,185420.15
Haiti,HTI,2005,3795.15
Honduras,HND,2005,66768.7
"Hong Kong SAR, China",HKG,2005,
Hungary,HUN,2005,19837.8
Iceland,ISL,2005,372.5
India,IND,2005,685435.0
Indonesia,IDN,2005,1004696.0
"Iran, Islamic Rep.",IRN,2005,100088.2
Iraq,IRQ,2005,8215.0
Ireland,IRL,2005,6753.7
Isle of Man,IMN,2005,34.6
Israel,ISR,2005,1535.0
Italy,ITA,2005,86986.45
Jamaica,JAM,2005,5397.25
Japan,JPN,2005,249210.0
Jordan,JOR,2005,975.0
Kazakhstan,KAZ,2005,31195.527
Kenya,KEN,2005,37887.65
Kiribati,KIR,2005,11.8
"Korea, Dem. People's Rep.",PRK,2005,63485.4
"Korea, Rep.",KOR,2005,64315.0
Kosovo,XKX,2005,
Kuwait,KWT,2005,55.5
Kyrgyz Republic,KGZ,2005,12052.9
Lao PDR,LAO,2005,171827.5
Latvia,LVA,2005,33065.6
Lebanon,LBN,2005,1377.65
Lesotho,LSO,2005,345.2
Liberia,LBR,2005,80713.4
Libya,LBY,2005,2170.0
Liechtenstein,LIE,2005,66.996
Lithuania,LTU,2005,20950.0
Luxembourg,LUX,2005,877.0
"Macao SAR, China",MAC,2005,
Madagascar,MDG,2005,127963.25
Malawi,MWI,2005,28717.0
Malaysia,MYS,2005,193195.0
Maldives,MDV,2005,8.2
Mali,MLI,2005,132960.0
Malta,MLT,2005,3.5
Marshall Islands,MHL,2005,94.0
Mauritania,MRT,2005,3944.4
Mauritius,MUS,2005,401.6
Mexico,MEX,2005,676623.3
"Micronesia, Fed. Sts.",FSM,2005,639.95
Moldova,MDA,2005,3594.5
Monaco,MCO,2005,0.0
Mongolia,MNG,2005,142239.0
Montenegro,MNE,2005,
Morocco,MAR,2005,55905.55
Mozambique,MOZ,2005,400800.7
Myanmar,MMR,2005,331545.55
Namibia,NAM,2005,77040.37
Nauru,NRU,2005,0.0
Nepal,NPL,2005,58713.95
Netherlands,NLD,2005,3664.9
New Caledonia,NCL,2005,8384.35
New Zealand,NZL,2005,98492.8
Nicaragua,NIC,2005,47937.35
Niger,NER,2005,12660.0
Nigeria,NGA,2005,240765.1
North Macedonia,MKD,2005,9589.9
Northern Mariana Islands,MNP,2005,311.4
Norway,NOR,2005,121075.0
Oman,OMN,2005,30.0
Pakistan,PAK,2005,43024.95
Palau,PLW,2005,400.7
Panama,PAN,2005,43850.65
Papua New Guinea,PNG,2005,362284.258
Paraguay,PRY,2005,212809.3
Peru,PER,2005,746738.15
Philippines,PHL,2005,70744.9
Poland,POL,2005,91940.0
Portugal,PRT,2005,32665.0
Puerto Rico,PRI,2005,4603.0
Qatar,QAT,2005,0.0
Romania,ROU,2005,64405.0
Russian Federation,RUS,2005,8122020.5
Rwanda,RWA,2005,2760.0
Samoa,WSM,2005,1689.0
San Marino,SMR,2005,10.0
Sao Tome and Principe,STP,2005,582.3
Saudi Arabia,SAU,2005,9770.0
Senegal,SEN,2005,86606.6
Serbia,SRB,2005,
Seychelles,SYC,2005,337.0
Sierra Leone,SLE,2005,28307.95
Singapore,SGP,2005,173.769
Sint Maarten (Dutch part),SXM,2005,
Slovak Republic,SVK,2005,19096.6
Slovenia,SVN,2005,12400.0
Solomon Islands,SLB,2005,25339.4
Somalia,SOM,2005,71312.5
South Africa,ZAF,2005,175960.9
South Sudan,SSD,2005,
Spain,ESP,2005,178196.35
Sri Lanka,LKA,2005,21350.2
St. Kitts and Nevis,KNA,2005,110.0
St. Lucia,LCA,2005,208.9
St. Martin (French part),MAF,2005,
St. Vincent and the Grenadines,VCT,2005,285.4
Sudan,SDN,2005,281106.65
Suriname,SUR,2005,153203.65
Sweden,SWE,2005,281180.0
Switzerland,CHE,2005,12154.5
Syrian Arab Republic,SYR,2005,4620.8
Tajikistan,TJK,2005,4100.0
Tanzania,TZA,2005,518100.1
Thailand,THA,2005,195355.0
Timor-Leste,TLS,2005,9421.0
Togo,TGO,2005,12536.67
Tonga,TON,2005,89.5
Trinidad and Tobago,TTO,2005,2345.3
Tunisia,TUN,2005,6776.4
Turkiye,TUR,2005,206157.15
Turkmenistan,TKM,2005,41270.0
Turks and Caicos Islands,TCA,2005,105.2
Tuvalu,TUV,2005,10.0
Uganda,UGA,2005,29566.85
Ukraine,UKR,2005,95290.0
United Arab Emirates,ARE,2005,3133.65
United Kingdom,GBR,2005,30065.0
United States,USA,2005,3061280.0
Uruguay,URY,2005,15501.5
Uzbekistan,UZB,2005,31555.305
Vanuatu,VUT,2005,4423.0
"Venezuela, RB",VEN,2005,483280.0
Vietnam,VNM,2005,125860.8
Virgin Islands (U.S.),VIR,2005,194.5
West Bank and Gaza,PSE,2005,95.15
"Yemen, Rep.",YEM,2005,5490.0
Zambia,ZMB,2005,468750.0
Zimbabwe,ZWE,2005,181356.3
Africa Eastern and Southern,AFE,2005,4927742.87
Africa Western and Central,AFW,2005,1911793.72
Arab World,ARB,2005,473542.85
Caribbean small states,CSS,2005,367132.55
Central Europe and the Baltics,CEB,2005,365627.9
Early-demographic dividend,EAR,2005,7962748.384
East Asia & Pacific,EAS,2005,6442135.277
East Asia & Pacific (excluding high income),EAP,2005,4708656.108
East Asia & Pacific (IDA & IBRD countries),TEA,2005,4645170.708
Euro area,EMU,2005,997846.813
Europe & Central Asia,ECS,2005,10417504.514
Europe & Central Asia (excluding high income),ECA,2005,8747058.755
Europe & Central Asia (IDA & IBRD countries),TEC,2005,8922428.755
European Union,EUU,2005,1542058.413
Fragile and conflict affected situations,FCS,2005,5078565.858
Heavily indebted poor countries (HIPC),HPC,2005,5795069.42
High income,HIC,2005,10375968.578
IBRD only,IBD,2005,24350673.67
IDA & IBRD total,IBT,2005,31317919.304
IDA blend,IDB,2005,1352095.163
IDA only,IDX,2005,5615150.471
IDA total,IDA,2005,6967245.634
Late-demographic dividend,LTE,2005,17531200.75
Latin America & Caribbean,LCN,2005,9877851.2
Latin America & Caribbean (excluding high income),LAC,2005,8974307.55
Latin America & the Caribbean (IDA & IBRD countries),TLA,2005,9840782.9
Least developed countries: UN classification,LDC,2005,5895452.921
Low & middle income,LMY,2005,30339317.504
Low income,LIC,2005,3275989.77
Lower middle income,LMC,2005,6155436.214
Middle East & North Africa,MEA,2005,218411.1
Middle East & North Africa (excluding high income),MNA,2005,203879.0
Middle East & North Africa (IDA & IBRD countries),TMN,2005,203783.85
Middle income,MIC,2005,27063327.734
North America,NAC,2005,6536910.9
Not classified,INX,2005,
OECD members,OED,2005,11534114.963
Other small states,OSS,2005,606351.22
Pacific island small states,PSS,2005,43095.9
Post-demographic dividend,PST,2005,9949254.382
Pre-demographic dividend,PRE,2005,5752635.82
Small states,SST,2005,1016579.67
South Asia,SAS,2005,866216.501
South Asia (IDA & IBRD),TSA,2005,866216.501
Sub-Saharan Africa,SSF,2005,6839536.59
Sub-Saharan Africa (excluding high income),SSA,2005,6839199.59
Sub-Saharan Africa (IDA & IBRD countries),TSS,2005,6839536.59
Upper middle income,UMC,2005,20907891.52
World,WLD,2005,41198566.082
Afghanistan,AFG,2006,12084.4
Albania,ALB,2006,7769.62
Algeria,DZA,2006,17824.0
American Samoa,ASM,2006,175.5
Andorra,AND,2006,160.0
Angola,AGO,2006,743782.44
Antigua and Barbuda,ATG,2006,90.48
Argentina,ARG,2006,314796.0
Armenia,ARM,2006,3313.92
Aruba,ABW,2006,4.2
Australia,AUS,2006,1304533.0
Austria,AUT,2006,38531.76
Azerbaijan,AZE,2006,10143.848
"Bahamas, The",BHS,2006,5098.6
Bahrain,BHR,2006,4.6
Bangladesh,BGD,2006,19011.365
Barbados,BRB,2006,63.0
Belarus,BLR,2006,84872.0
Belgium,BEL,2006,6808.42
Belize,BLZ,2006,14185.54
Benin,BEN,2006,38351.5
Bermuda,BMU,2006,10.0
Bhutan,BTN,2006,26655.74
Bolivia,BOL,2006,538921.62
Bosnia and Herzegovina,BIH,2006,21062.56
Botswana,BWA,2006,169109.0
Brazil,BRA,2006,5273838.6
British Virgin Islands,VGB,2006,36.52
Brunei Darussalam,BRN,2006,3868.0
Bulgaria,BGR,2006,35922.0
Burkina Faso,BFA,2006,69165.0
Burundi,BDI,2006,1939.4
Cabo Verde,CPV,2006,415.2
Cambodia,KHM,2006,106659.38
Cameroon,CMR,2006,211792.84
Canada,CAN,2006,3475141.14
Cayman Islands,CYM,2006,128.04
Central African Republic,CAF,2006,227230.0
Chad,TCD,2006,58592.0
Channel Islands,CHI,2006,9.44
Chile,CHL,2006,163619.8
China,CHN,2006,1911664.48
Colombia,COL,2006,615788.74
Comoros,COM,2006,390.52
"Congo, Dem. Rep.",COD,2006,1398610.0
"Congo, Rep.",COG,2006,221230.0
Costa Rica,CRI,2006,28656.08
Cote d'Ivoire,CIV,2006,44171.28
Croatia,HRV,2006,19060.0
Cuba,CUB,2006,27332.0
Curacao,CUW,2006,
Cyprus,CYP,2006,1723.48
Czechia,CZE,2006,26493.44
Denmark,DNK,2006,5805.34
Djibouti,DJI,2006,56.0
Dominica,DMA,2006,478.7
Dominican Republic,DOM,2006,20328.6
Ecuador,ECU,2006,133091.14
"Egypt, Arab Rep.",EGY,2006,630.68
El Salvador,SLV,2006,6468.8
Equatorial Guinea,GNQ,2006,25654.38
Eritrea,ERI,2006,10995.0
Estonia,EST,2006,22971.68
Eswatini,SWZ,2006,4805.7
Ethiopia,ETH,2006,180905.0
Faroe Islands,FRO,2006,0.8
Fiji,FJI,2006,10465.32
Finland,FIN,2006,223234.56
France,FRA,2006,159666.0
French Polynesia,PYF,2006,1490.96
Gabon,GAB,2006,236696.46
"Gambia, The",GMB,2006,3229.32
Georgia,GEO,2006,27976.8
Germany,DEU,2006,113870.0
Ghana,GHA,2006,83052.02
Gibraltar,GIB,2006,0.0
Greece,GRC,2006,37811.736
Greenland,GRL,2006,2.2
Grenada,GRD,2006,177.0
Guam,GUM,2006,240.0
Guatemala,GTM,2006,39172.4
Guinea,GIN,2006,67130.0
Guinea-Bissau,GNB,2006,20982.1
Guyana,GUY,2006,185375.74
Haiti,HTI,2006,3792.88
Honduras,HND,2006,66565.9
"Hong Kong SAR, China",HKG,2006,
Hungary,HUN,2006,19963.02
Iceland,ISL,2006,387.34
India,IND,2006,687340.0
Indonesia,IDN,2006,1003075.2
"Iran, Islamic Rep.",IRN,2006,101454.52
Iraq,IRQ,2006,8222.0
Ireland,IRL,2006,6843.72
Isle of Man,IMN,2006,34.6
Israel,ISR,2006,1536.0
Italy,ITA,2006,87645.24
Jamaica,JAM,2006,5434.7
Japan,JPN,2006,249300.0
Jordan,JOR,2006,975.0
Kazakhstan,KAZ,2006,31120.78
Kenya,KEN,2006,37542.8
Kiribati,KIR,2006,11.8
"Korea, Dem. People's Rep.",PRK,2006,63273.1
"Korea, Rep.",KOR,2006,64226.0
Kosovo,XKX,2006,
Kuwait,KWT,2006,56.9
Kyrgyz Republic,KGZ,2006,12101.68
Lao PDR,LAO,2006,171343.0
Latvia,LVA,2006,33196.72
Lebanon,LBN,2006,1376.82
Lesotho,LSO,2006,345.2
Liberia,LBR,2006,80410.8
Libya,LBY,2006,2170.0
Liechtenstein,LIE,2006,66.995
Lithuania,LTU,2006,21100.0
Luxembourg,LUX,2006,879.0
"Macao SAR, China",MAC,2006,
Madagascar,MDG,2006,127494.56
Malawi,MWI,2006,28297.0
Malaysia,MYS,2006,192451.3
Maldives,MDV,2006,8.2
Mali,MLI,2006,132960.0
Malta,MLT,2006,3.5
Marshall Islands,MHL,2006,94.0
Mauritania,MRT,2006,3890.0
Mauritius,MUS,2006,398.06
Mexico,MEX,2006,675185.26
"Micronesia, Fed. Sts.",FSM,2006,640.22
Moldova,MDA,2006,3624.6
Monaco,MCO,2006,0.0
Mongolia,MNG,2006,142159.0
Montenegro,MNE,2006,7466.0
Morocco,MAR,2006,56073.58
Mozambique,MOZ,2006,398584.84
Myanmar,MMR,2006,328118.44
Namibia,NAM,2006,76330.276
Nauru,NRU,2006,0.0
Nepal,NPL,2006,58895.22
Netherlands,NLD,2006,3678.88
New Caledonia,NCL,2006,8385.52
New Zealand,NZL,2006,98490.48
Nicaragua,NIC,2006,46726.18
Niger,NER,2006,12535.8
Nigeria,NGA,2006,239132.04
North Macedonia,MKD,2006,9592.78
Northern Mariana Islands,MNP,2006,309.76
Norway,NOR,2006,121064.0
Oman,OMN,2006,30.0
Pakistan,PAK,2006,42607.42
Palau,PLW,2006,401.68
Panama,PAN,2006,43736.5
Papua New Guinea,PNG,2006,362185.177
Paraguay,PRY,2006,209387.86
Peru,PER,2006,745490.12
Philippines,PHL,2006,70275.36
Poland,POL,2006,92210.0
Portugal,PRT,2006,32636.0
Puerto Rico,PRI,2006,4665.3
Qatar,QAT,2006,0.0
Romania,ROU,2006,64554.0
Russian Federation,RUS,2006,8127887.6
Rwanda,RWA,2006,2738.0
Samoa,WSM,2006,1684.18
San Marino,SMR,2006,10.0
Sao Tome and Principe,STP,2006,582.04
Saudi Arabia,SAU,2006,9770.0
Senegal,SEN,2006,86221.6
Serbia,SRB,2006,26118.0
Seychelles,SYC,2006,337.0
Sierra Leone,SLE,2006,28110.68
Singapore,SGP,2006,174.496
Sint Maarten (Dutch part),SXM,2006,
Slovak Republic,SVK,2006,19113.1
Slovenia,SVN,2006,12414.0
Solomon Islands,SLB,2006,25332.08
Somalia,SOM,2006,70545.0
South Africa,ZAF,2006,175596.9
South Sudan,SSD,2006,
Spain,ESP,2006,179647.76
Sri Lanka,LKA,2006,21287.4
St. Kitts and Nevis,KNA,2006,110.0
St. Lucia,LCA,2006,208.66
St. Martin (French part),MAF,2006,
St. Vincent and the Grenadines,VCT,2006,285.4
Sudan,SDN,2006,279361.66
Suriname,SUR,2006,153162.64
Sweden,SWE,2006,281090.0
Switzerland,CHE,2006,12193.04
Syrian Arab Republic,SYR,2006,4680.8
Tajikistan,TJK,2006,4100.0
Tanzania,TZA,2006,514380.1
Thailand,THA,2006,196430.0
Timor-Leste,TLS,2006,9407.0
Togo,TGO,2006,12507.076
Tonga,TON,2006,89.5
Trinidad and Tobago,TTO,2006,2341.06
Tunisia,TUN,2006,6795.98
Turkiye,TUR,2006,207091.88
Turkmenistan,TKM,2006,41270.0
Turks and Caicos Islands,TCA,2006,105.2
Tuvalu,TUV,2006,10.0
Uganda,UGA,2006,29154.32
Ukraine,UKR,2006,95328.0
United Arab Emirates,ARE,2006,3141.52
United Kingdom,GBR,2006,30170.0
United States,USA,2006,3066464.0
Uruguay,URY,2006,15863.8
Uzbekistan,UZB,2006,31943.444
Vanuatu,VUT,2006,4423.0
"Venezuela, RB",VEN,2006,481634.0
Vietnam,VNM,2006,127464.76
Virgin Islands (U.S.),VIR,2006,192.46
West Bank and Gaza,PSE,2006,96.02
"Yemen, Rep.",YEM,2006,5490.0
Zambia,ZMB,2006,468392.0
Zimbabwe,ZWE,2006,180895.6
Africa Eastern and Southern,AFE,2006,4901512.416
Africa Western and Central,AFW,2006,1903460.096
Arab World,ARB,2006,471581.08
Caribbean small states,CSS,2006,367011.52
Central Europe and the Baltics,CEB,2006,366997.96
Early-demographic dividend,EAR,2006,7941160.022
East Asia & Pacific,EAS,2006,6458851.693
East Asia & Pacific (excluding high income),EAP,2006,4727657.977
East Asia & Pacific (IDA & IBRD countries),TEA,2006,4664384.877
Euro area,EMU,2006,1001775.556
Europe & Central Asia,ECS,2006,10463751.783
Europe & Central Asia (excluding high income),ECA,2006,8788705.512
Europe & Central Asia (IDA & IBRD countries),TEC,2006,8964529.512
European Union,EUU,2006,1546873.356
Fragile and conflict affected situations,FCS,2006,5056508.637
Heavily indebted poor countries (HIPC),HPC,2006,5767398.176
High income,HIC,2006,10384165.347
IBRD only,IBD,2006,24357182.704
IDA & IBRD total,IBT,2006,31292440.226
IDA blend,IDB,2006,1348766.601
IDA only,IDX,2006,5586490.921
IDA total,IDA,2006,6935257.522
Late-demographic dividend,LTE,2006,17556878.508
Latin America & Caribbean,LCN,2006,9822539.52
Latin America & Caribbean (excluding high income),LAC,2006,8919474.82
Latin America & the Caribbean (IDA & IBRD countries),TLA,2006,9784914.2
Least developed countries: UN classification,LDC,2006,5864680.261
Low & middle income,LMY,2006,30314208.966
Low income,LIC,2006,3259875.856
Lower middle income,LMC,2006,6136669.706
Middle East & North Africa,MEA,2006,220387.92
Middle East & North Africa (excluding high income),MNA,2006,205845.4
Middle East & North Africa (IDA & IBRD countries),TMN,2006,205749.38
Middle income,MIC,2006,27054333.11
North America,NAC,2006,6541615.14
Not classified,INX,2006,
OECD members,OED,2006,11539457.136
Other small states,OSS,2006,611836.796
Pacific island small states,PSS,2006,43151.78
Post-demographic dividend,PST,2006,9956764.852
Pre-demographic dividend,PRE,2006,5722479.456
Small states,SST,2006,1022000.096
South Asia,SAS,2006,867889.745
South Asia (IDA & IBRD),TSA,2006,867889.745
Sub-Saharan Africa,SSF,2006,6804972.512
Sub-Saharan Africa (excluding high income),SSA,2006,6804635.512
Sub-Saharan Africa (IDA & IBRD countries),TSS,2006,6804972.512
Upper middle income,UMC,2006,20917663.404
World,WLD,2006,41180008.313
Afghanistan,AFG,2007,12084.4
Albania,ALB,2007,7782.39
Algeria,DZA,2007,18163.0
American Samoa,ASM,2007,175.2
Andorra,AND,2007,160.0
Angola,AGO,2007,738231.83
Antigua and Barbuda,ATG,2007,89.81
Argentina,ARG,2007,311632.0
Armenia,ARM,2007,3311.84
Aruba,ABW,2007,4.2
Australia,AUS,2007,1302265.0
Austria,AUT,2007,38556.82
Azerbaijan,AZE,2007,10189.122
"Bahamas, The",BHS,2007,5098.6
Bahrain,BHR,2007,4.75
Bangladesh,BGD,2007,18979.379
Barbados,BRB,2007,63.0
Belarus,BLR,2007,85229.0
Belgium,BEL,2007,6830.99
Belize,BLZ,2007,14117.63
Benin,BEN,2007,37851.5
Bermuda,BMU,2007,10.0
Bhutan,BTN,2007,26755.03
Bolivia,BOL,2007,536906.24
Bosnia and Herzegovina,BIH,2007,21053.57
Botswana,BWA,2007,167926.0
Brazil,BRA,2007,5234330.7
British Virgin Islands,VGB,2007,36.49
Brunei Darussalam,BRN,2007,3851.0
Bulgaria,BGR,2007,36284.0
Burkina Faso,BFA,2007,68665.0
Burundi,BDI,2007,1939.4
Cabo Verde,CPV,2007,418.2
Cambodia,KHM,2007,106467.61
Cameroon,CMR,2007,211095.83
Canada,CAN,2007,3474661.38
Cayman Islands,CYM,2007,127.83
Central African Republic,CAF,2007,226930.0
Chad,TCD,2007,57769.0
Channel Islands,CHI,2007,9.63
Chile,CHL,2007,164528.0
China,CHN,2007,1935274.31
Colombia,COL,2007,613861.03
Comoros,COM,2007,386.14
"Congo, Dem. Rep.",COD,2007,1391880.0
"Congo, Rep.",COG,2007,221110.0
Costa Rica,CRI,2007,28670.06
Cote d'Ivoire,CIV,2007,43042.41
Croatia,HRV,2007,19095.0
Cuba,CUB,2007,27829.0
Curacao,CUW,2007,
Cyprus,CYP,2007,1724.71
Czechia,CZE,2007,26513.53
Denmark,DNK,2007,5820.23
Djibouti,DJI,2007,56.0
Dominica,DMA,2007,478.7
Dominican Republic,DOM,2007,20429.25
Ecuador,ECU,2007,132388.83
"Egypt, Arab Rep.",EGY,2007,637.11
El Salvador,SLV,2007,6423.8
Equatorial Guinea,GNQ,2007,25570.81
Eritrea,ERI,2007,10963.4
Estonia,EST,2007,23068.81
Eswatini,SWZ,2007,4817.85
Ethiopia,ETH,2007,180175.0
Faroe Islands,FRO,2007,0.8
Fiji,FJI,2007,10532.09
Finland,FIN,2007,223030.92
France,FRA,2007,160797.0
French Polynesia,PYF,2007,1491.87
Gabon,GAB,2007,236645.87
"Gambia, The",GMB,2007,3171.99
Georgia,GEO,2007,28038.6
Germany,DEU,2007,113925.0
Ghana,GHA,2007,82146.34
Gibraltar,GIB,2007,0.0
Greece,GRC,2007,38113.31
Greenland,GRL,2007,2.2
Grenada,GRD,2007,177.0
Guam,GUM,2007,240.0
Guatemala,GTM,2007,38685.8
Guinea,GIN,2007,66770.0
Guinea-Bissau,GNB,2007,20897.65
Guyana,GUY,2007,185331.33
Haiti,HTI,2007,3790.61
Honduras,HND,2007,66363.1
"Hong Kong SAR, China",HKG,2007,
Hungary,HUN,2007,20088.24
Iceland,ISL,2007,402.18
India,IND,2007,689245.0
Indonesia,IDN,2007,1001454.4
"Iran, Islamic Rep.",IRN,2007,102820.84
Iraq,IRQ,2007,8229.0
Ireland,IRL,2007,6933.74
Isle of Man,IMN,2007,34.6
Israel,ISR,2007,1537.0
Italy,ITA,2007,88304.03
Jamaica,JAM,2007,5472.15
Japan,JPN,2007,249390.0
Jordan,JOR,2007,975.0
Kazakhstan,KAZ,2007,31046.034
Kenya,KEN,2007,37197.95
Kiribati,KIR,2007,11.8
"Korea, Dem. People's Rep.",PRK,2007,63060.8
"Korea, Rep.",KOR,2007,64137.0
Kosovo,XKX,2007,
Kuwait,KWT,2007,58.3
Kyrgyz Republic,KGZ,2007,12150.46
Lao PDR,LAO,2007,170858.5
Latvia,LVA,2007,33327.84
Lebanon,LBN,2007,1375.99
Lesotho,LSO,2007,345.2
Liberia,LBR,2007,80108.2
Libya,LBY,2007,2170.0
Liechtenstein,LIE,2007,66.994
Lithuania,LTU,2007,21250.0
Luxembourg,LUX,2007,881.0
"Macao SAR, China",MAC,2007,
Madagascar,MDG,2007,127025.87
Malawi,MWI,2007,27877.0
Malaysia,MYS,2007,191707.6
Maldives,MDV,2007,8.2
Mali,MLI,2007,132960.0
Malta,MLT,2007,3.5
Marshall Islands,MHL,2007,94.0
Mauritania,MRT,2007,3835.6
Mauritius,MUS,2007,394.52
Mexico,MEX,2007,673747.22
"Micronesia, Fed. Sts.",FSM,2007,640.49
Moldova,MDA,2007,3654.7
Monaco,MCO,2007,0.0
Mongolia,MNG,2007,142079.0
Montenegro,MNE,2007,7667.0
Morocco,MAR,2007,56241.61
Mozambique,MOZ,2007,396368.98
Myanmar,MMR,2007,324691.33
Namibia,NAM,2007,75620.182
Nauru,NRU,2007,0.0
Nepal,NPL,2007,59076.49
Netherlands,NLD,2007,3692.86
New Caledonia,NCL,2007,8386.69
New Zealand,NZL,2007,98488.16
Nicaragua,NIC,2007,45515.01
Niger,NER,2007,12411.6
Nigeria,NGA,2007,237498.98
North Macedonia,MKD,2007,9595.66
Northern Mariana Islands,MNP,2007,308.12
Norway,NOR,2007,121053.0
Oman,OMN,2007,30.0
Pakistan,PAK,2007,42189.89
Palau,PLW,2007,402.66
Panama,PAN,2007,43622.35
Papua New Guinea,PNG,2007,362086.096
Paraguay,PRY,2007,205966.42
Peru,PER,2007,744242.09
Philippines,PHL,2007,69805.82
Poland,POL,2007,92480.0
Portugal,PRT,2007,32607.0
Puerto Rico,PRI,2007,4727.6
Qatar,QAT,2007,0.0
Romania,ROU,2007,64703.0
Russian Federation,RUS,2007,8133754.7
Rwanda,RWA,2007,2716.0
Samoa,WSM,2007,1679.36
San Marino,SMR,2007,10.0
Sao Tome and Principe,STP,2007,581.78
Saudi Arabia,SAU,2007,9770.0
Senegal,SEN,2007,85836.6
Serbia,SRB,2007,26371.0
Seychelles,SYC,2007,337.0
Sierra Leone,SLE,2007,27913.41
Singapore,SGP,2007,175.223
Sint Maarten (Dutch part),SXM,2007,
Slovak Republic,SVK,2007,19129.6
Slovenia,SVN,2007,12428.0
Solomon Islands,SLB,2007,25324.76
Somalia,SOM,2007,69777.5
South Africa,ZAF,2007,175232.9
South Sudan,SSD,2007,
Spain,ESP,2007,181099.17
Sri Lanka,LKA,2007,21224.6
St. Kitts and Nevis,KNA,2007,110.0
St. Lucia,LCA,2007,208.42
St. Martin (French part),MAF,2007,
St. Vincent and the Grenadines,VCT,2007,285.4
Sudan,SDN,2007,277616.67
Suriname,SUR,2007,153121.63
Sweden,SWE,2007,281000.0
Switzerland,CHE,2007,12231.58
Syrian Arab Republic,SYR,2007,4740.8
Tajikistan,TJK,2007,4100.0
Tanzania,TZA,2007,510660.1
Thailand,THA,2007,197505.0
Timor-Leste,TLS,2007,9393.0
Togo,TGO,2007,12477.482
Tonga,TON,2007,89.5
Trinidad and Tobago,TTO,2007,2336.82
Tunisia,TUN,2007,6815.56
Turkiye,TUR,2007,208026.61
Turkmenistan,TKM,2007,41270.0
Turks and Caicos Islands,TCA,2007,105.2
Tuvalu,TUV,2007,10.0
Uganda,UGA,2007,28741.79
Ukraine,UKR,2007,95366.0
United Arab Emirates,ARE,2007,3149.39
United Kingdom,GBR,2007,30275.0
United States,USA,2007,3071648.0
Uruguay,URY,2007,16226.1
Uzbekistan,UZB,2007,32331.583
Vanuatu,VUT,2007,4423.0
"Venezuela, RB",VEN,2007,479988.0
Vietnam,VNM,2007,129068.72
Virgin Islands (U.S.),VIR,2007,190.42
West Bank and Gaza,PSE,2007,96.89
"Yemen, Rep.",YEM,2007,5490.0
Zambia,ZMB,2007,468034.0
Zimbabwe,ZWE,2007,180434.9
Africa Eastern and Southern,AFE,2007,4875281.962
Africa Western and Central,AFW,2007,1895126.472
Arab World,ARB,2007,469619.31
Caribbean small states,CSS,2007,366890.49
Central Europe and the Baltics,CEB,2007,368368.02
Early-demographic dividend,EAR,2007,7919571.66
East Asia & Pacific,EAS,2007,6475568.109
East Asia & Pacific (excluding high income),EAP,2007,4746659.846
East Asia & Pacific (IDA & IBRD countries),TEA,2007,4683599.046
Euro area,EMU,2007,1005704.3
Europe & Central Asia,ECS,2007,10476869.053
Europe & Central Asia (excluding high income),ECA,2007,8797222.269
Europe & Central Asia (IDA & IBRD countries),TEC,2007,8973500.269
European Union,EUU,2007,1551688.3
Fragile and conflict affected situations,FCS,2007,5034451.416
Heavily indebted poor countries (HIPC),HPC,2007,5739726.932
High income,HIC,2007,10392362.117
IBRD only,IBD,2007,24330561.738
IDA & IBRD total,IBT,2007,31233831.148
IDA blend,IDB,2007,1345438.039
IDA only,IDX,2007,5557831.371
IDA total,IDA,2007,6903269.41
Late-demographic dividend,LTE,2007,17549426.266
Latin America & Caribbean,LCN,2007,9767227.84
Latin America & Caribbean (excluding high income),LAC,2007,8864642.09
Latin America & the Caribbean (IDA & IBRD countries),TLA,2007,9729045.5
Least developed countries: UN classification,LDC,2007,5833907.601
Low & middle income,LMY,2007,30255970.428
Low income,LIC,2007,3243761.942
Lower middle income,LMC,2007,6117903.198
Middle East & North Africa,MEA,2007,222364.74
Middle East & North Africa (excluding high income),MNA,2007,207811.8
Middle East & North Africa (IDA & IBRD countries),TMN,2007,207714.91
Middle income,MIC,2007,27012208.486
North America,NAC,2007,6546319.38
Not classified,INX,2007,
OECD members,OED,2007,11544799.31
Other small states,OSS,2007,610057.372
Pacific island small states,PSS,2007,43207.66
Post-demographic dividend,PST,2007,9964275.323
Pre-demographic dividend,PRE,2007,5692323.092
Small states,SST,2007,1020155.522
South Asia,SAS,2007,869562.989
South Asia (IDA & IBRD),TSA,2007,869562.989
Sub-Saharan Africa,SSF,2007,6770408.434
Sub-Saharan Africa (excluding high income),SSA,2007,6770071.434
Sub-Saharan Africa (IDA & IBRD countries),TSS,2007,6770408.434
Upper middle income,UMC,2007,20894305.288
World,WLD,2007,41128320.545
Afghanistan,AFG,2008,12084.4
Albania,ALB,2008,7795.16
Algeria,DZA,2008,18502.0
American Samoa,ASM,2008,174.9
Andorra,AND,2008,160.0
Angola,AGO,2008,732681.22
Antigua and Barbuda,ATG,2008,89.14
Argentina,ARG,2008,308468.0
Armenia,ARM,2008,3309.76
Aruba,ABW,2008,4.2
Australia,AUS,2008,1299997.0
Austria,AUT,2008,38581.88
Azerbaijan,AZE,2008,10234.397
"Bahamas, The",BHS,2008,5098.6
Bahrain,BHR,2008,4.9
Bangladesh,BGD,2008,18947.393
Barbados,BRB,2008,63.0
Belarus,BLR,2008,85586.0
Belgium,BEL,2008,6853.56
Belize,BLZ,2008,14049.72
Benin,BEN,2008,37351.5
Bermuda,BMU,2008,10.0
Bhutan,BTN,2008,26854.32
Bolivia,BOL,2008,534890.86
Bosnia and Herzegovina,BIH,2008,21044.58
Botswana,BWA,2008,166743.0
Brazil,BRA,2008,5194822.8
British Virgin Islands,VGB,2008,36.46
Brunei Darussalam,BRN,2008,3834.0
Bulgaria,BGR,2008,36646.0
Burkina Faso,BFA,2008,68165.0
Burundi,BDI,2008,1939.4
Cabo Verde,CPV,2008,421.2
Cambodia,KHM,2008,106275.84
Cameroon,CMR,2008,210398.82
Canada,CAN,2008,3474181.62
Cayman Islands,CYM,2008,127.62
Central African Republic,CAF,2008,226630.0
Chad,TCD,2008,56946.0
Channel Islands,CHI,2008,9.82
Chile,CHL,2008,165436.2
China,CHN,2008,1958884.14
Colombia,COL,2008,611933.32
Comoros,COM,2008,381.76
"Congo, Dem. Rep.",COD,2008,1385150.0
"Congo, Rep.",COG,2008,220990.0
Costa Rica,CRI,2008,28684.04
Cote d'Ivoire,CIV,2008,41913.54
Croatia,HRV,2008,19130.0
Cuba,CUB,2008,28326.0
Curacao,CUW,2008,
Cyprus,CYP,2008,1725.94
Czechia,CZE,2008,26533.62
Denmark,DNK,2008,5835.12
Djibouti,DJI,2008,56.0
Dominica,DMA,2008,478.7
Dominican Republic,DOM,2008,20529.9
Ecuador,ECU,2008,131686.52
"Egypt, Arab Rep.",EGY,2008,643.54
El Salvador,SLV,2008,6378.8
Equatorial Guinea,GNQ,2008,25487.24
Eritrea,ERI,2008,10931.8
Estonia,EST,2008,23165.94
Eswatini,SWZ,2008,4830.0
Ethiopia,ETH,2008,179445.0
Faroe Islands,FRO,2008,0.8
Fiji,FJI,2008,10598.86
Finland,FIN,2008,222827.28
France,FRA,2008,161928.0
French Polynesia,PYF,2008,1492.78
Gabon,GAB,2008,236595.28
"Gambia, The",GMB,2008,3114.66
Georgia,GEO,2008,28100.4
Germany,DEU,2008,113980.0
Ghana,GHA,2008,81240.66
Gibraltar,GIB,2008,0.0
Greece,GRC,2008,38414.883
Greenland,GRL,2008,2.2
Grenada,GRD,2008,177.0
Guam,GUM,2008,240.0
Guatemala,GTM,2008,38199.2
Guinea,GIN,2008,66410.0
Guinea-Bissau,GNB,2008,20813.2
Guyana,GUY,2008,185286.92
Haiti,HTI,2008,3788.34
Honduras,HND,2008,66160.3
"Hong Kong SAR, China",HKG,2008,
Hungary,HUN,2008,20213.46
Iceland,ISL,2008,417.02
India,IND,2008,691150.0
Indonesia,IDN,2008,999833.6
"Iran, Islamic Rep.",IRN,2008,104187.16
Iraq,IRQ,2008,8236.0
Ireland,IRL,2008,7023.76
Isle of Man,IMN,2008,34.6
Israel,ISR,2008,1538.0
Italy,ITA,2008,88962.82
Jamaica,JAM,2008,5509.6
Japan,JPN,2008,249480.0
Jordan,JOR,2008,975.0
Kazakhstan,KAZ,2008,30971.288
Kenya,KEN,2008,36853.1
Kiribati,KIR,2008,11.8
"Korea, Dem. People's Rep.",PRK,2008,62848.5
"Korea, Rep.",KOR,2008,64048.0
Kosovo,XKX,2008,
Kuwait,KWT,2008,59.7
Kyrgyz Republic,KGZ,2008,12199.24
Lao PDR,LAO,2008,170374.0
Latvia,LVA,2008,33458.96
Lebanon,LBN,2008,1375.16
Lesotho,LSO,2008,345.2
Liberia,LBR,2008,79805.6
Libya,LBY,2008,2170.0
Liechtenstein,LIE,2008,66.994
Lithuania,LTU,2008,21400.0
Luxembourg,LUX,2008,883.0
"Macao SAR, China",MAC,2008,
Madagascar,MDG,2008,126557.18
Malawi,MWI,2008,27457.0
Malaysia,MYS,2008,190963.9
Maldives,MDV,2008,8.2
Mali,MLI,2008,132960.0
Malta,MLT,2008,3.5
Marshall Islands,MHL,2008,94.0
Mauritania,MRT,2008,3781.2
Mauritius,MUS,2008,390.98
Mexico,MEX,2008,672309.18
"Micronesia, Fed. Sts.",FSM,2008,640.76
Moldova,MDA,2008,3684.8
Monaco,MCO,2008,0.0
Mongolia,MNG,2008,141999.0
Montenegro,MNE,2008,7868.0
Morocco,MAR,2008,56409.64
Mozambique,MOZ,2008,394153.12
Myanmar,MMR,2008,321264.22
Namibia,NAM,2008,74910.088
Nauru,NRU,2008,0.0
Nepal,NPL,2008,59257.76
Netherlands,NLD,2008,3706.84
New Caledonia,NCL,2008,8387.86
New Zealand,NZL,2008,98485.84
Nicaragua,NIC,2008,44303.84
Niger,NER,2008,12287.4
Nigeria,NGA,2008,235865.92
North Macedonia,MKD,2008,9598.54
Northern Mariana Islands,MNP,2008,306.48
Norway,NOR,2008,121042.0
Oman,OMN,2008,30.0
Pakistan,PAK,2008,41772.36
Palau,PLW,2008,403.64
Panama,PAN,2008,43508.2
Papua New Guinea,PNG,2008,361987.015
Paraguay,PRY,2008,202544.98
Peru,PER,2008,742994.06
Philippines,PHL,2008,69336.28
Poland,POL,2008,92750.0
Portugal,PRT,2008,32578.0
Puerto Rico,PRI,2008,4789.9
Qatar,QAT,2008,0.0
Romania,ROU,2008,64852.0
Russian Federation,RUS,2008,8139621.8
Rwanda,RWA,2008,2694.0
Samoa,WSM,2008,1674.54
San Marino,SMR,2008,10.0
Sao Tome and Principe,STP,2008,581.52
Saudi Arabia,SAU,2008,9770.0
Senegal,SEN,2008,85451.6
Serbia,SRB,2008,26624.0
Seychelles,SYC,2008,337.0
Sierra Leone,SLE,2008,27716.14
Singapore,SGP,2008,175.95
Sint Maarten (Dutch part),SXM,2008,
Slovak Republic,SVK,2008,19146.1
Slovenia,SVN,2008,12442.0
Solomon Islands,SLB,2008,25317.44
Somalia,SOM,2008,69010.0
South Africa,ZAF,2008,174868.9
South Sudan,SSD,2008,
Spain,ESP,2008,182550.58
Sri Lanka,LKA,2008,21161.8
St. Kitts and Nevis,KNA,2008,110.0
St. Lucia,LCA,2008,208.18
St. Martin (French part),MAF,2008,
St. Vincent and the Grenadines,VCT,2008,285.4
Sudan,SDN,2008,275871.68
Suriname,SUR,2008,153080.62
Sweden,SWE,2008,280910.0
Switzerland,CHE,2008,12270.12
Syrian Arab Republic,SYR,2008,4800.8
Tajikistan,TJK,2008,4100.0
Tanzania,TZA,2008,506940.1
Thailand,THA,2008,198580.0
Timor-Leste,TLS,2008,9379.0
Togo,TGO,2008,12447.888
Tonga,TON,2008,89.5
Trinidad and Tobago,TTO,2008,2332.58
Tunisia,TUN,2008,6835.14
Turkiye,TUR,2008,208961.34
Turkmenistan,TKM,2008,41270.0
Turks and Caicos Islands,TCA,2008,105.2
Tuvalu,TUV,2008,10.0
Uganda,UGA,2008,28329.26
Ukraine,UKR,2008,95404.0
United Arab Emirates,ARE,2008,3157.26
United Kingdom,GBR,2008,30380.0
United States,USA,2008,3076832.0
Uruguay,URY,2008,16588.4
Uzbekistan,UZB,2008,32719.722
Vanuatu,VUT,2008,4423.0
"Venezuela, RB",VEN,2008,478342.0
Vietnam,VNM,2008,130672.68
Virgin Islands (U.S.),VIR,2008,188.38
West Bank and Gaza,PSE,2008,97.76
"Yemen, Rep.",YEM,2008,5490.0
Zambia,ZMB,2008,467676.0
Zimbabwe,ZWE,2008,179974.2
Africa Eastern and Southern,AFE,2008,4849051.508
Africa Western and Central,AFW,2008,1886792.848
Arab World,ARB,2008,467657.54
Caribbean small states,CSS,2008,366769.46
Central Europe and the Baltics,CEB,2008,369738.08
Early-demographic dividend,EAR,2008,7897983.298
East Asia & Pacific,EAS,2008,6492284.525
East Asia & Pacific (excluding high income),EAP,2008,4765661.715
East Asia & Pacific (IDA & IBRD countries),TEA,2008,4702813.215
Euro area,EMU,2008,1009633.043
Europe & Central Asia,ECS,2008,10489986.324
Europe & Central Asia (excluding high income),ECA,2008,8805739.027
Europe & Central Asia (IDA & IBRD countries),TEC,2008,8982471.027
European Union,EUU,2008,1556503.243
Fragile and conflict affected situations,FCS,2008,5012394.195
Heavily indebted poor countries (HIPC),HPC,2008,5712055.688
High income,HIC,2008,10400558.887
IBRD only,IBD,2008,24303940.773
IDA & IBRD total,IBT,2008,31175222.071
IDA blend,IDB,2008,1342109.477
IDA only,IDX,2008,5529171.821
IDA total,IDA,2008,6871281.298
Late-demographic dividend,LTE,2008,17541974.025
Latin America & Caribbean,LCN,2008,9711916.16
Latin America & Caribbean (excluding high income),LAC,2008,8809809.36
Latin America & the Caribbean (IDA & IBRD countries),TLA,2008,9673176.8
Least developed countries: UN classification,LDC,2008,5803134.941
Low & middle income,LMY,2008,30197731.891
Low income,LIC,2008,3227648.028
Lower middle income,LMC,2008,6099136.69
Middle East & North Africa,MEA,2008,224341.56
Middle East & North Africa (excluding high income),MNA,2008,209778.2
Middle East & North Africa (IDA & IBRD countries),TMN,2008,209680.44
Middle income,MIC,2008,26970083.863
North America,NAC,2008,6551023.62
Not classified,INX,2008,
OECD members,OED,2008,11550141.483
Other small states,OSS,2008,608277.948
Pacific island small states,PSS,2008,43263.54
Post-demographic dividend,PST,2008,9971785.793
Pre-demographic dividend,PRE,2008,5662166.728
Small states,SST,2008,1018310.948
South Asia,SAS,2008,871236.233
South Asia (IDA & IBRD),TSA,2008,871236.233
Sub-Saharan Africa,SSF,2008,6735844.356
Sub-Saharan Africa (excluding high income),SSA,2008,6735507.356
Sub-Saharan Africa (IDA & IBRD countries),TSS,2008,6735844.356
Upper middle income,UMC,2008,20870947.173
World,WLD,2008,41076632.778
Afghanistan,AFG,2009,12084.4
Albania,ALB,2009,7807.93
Algeria,DZA,2009,18841.0
American Samoa,ASM,2009,174.6
Andorra,AND,2009,160.0
Angola,AGO,2009,727130.61
Antigua and Barbuda,ATG,2009,88.47
Argentina,ARG,2009,305304.0
Armenia,ARM,2009,3307.68
Aruba,ABW,2009,4.2
Australia,AUS,2009,1297729.0
Austria,AUT,2009,38606.94
Azerbaijan,AZE,2009,10279.671
"Bahamas, The",BHS,2009,5098.6
Bahrain,BHR,2009,5.05
Bangladesh,BGD,2009,18915.406
Barbados,BRB,2009,63.0
Belarus,BLR,2009,85943.0
Belgium,BEL,2009,6876.13
Belize,BLZ,2009,13981.81
Benin,BEN,2009,36851.5
Bermuda,BMU,2009,10.0
Bhutan,BTN,2009,26953.61
Bolivia,BOL,2009,532875.48
Bosnia and Herzegovina,BIH,2009,21035.59
Botswana,BWA,2009,165560.0
Brazil,BRA,2009,5155314.9
British Virgin Islands,VGB,2009,36.43
Brunei Darussalam,BRN,2009,3817.0
Bulgaria,BGR,2009,37008.0
Burkina Faso,BFA,2009,67665.0
Burundi,BDI,2009,1939.4
Cabo Verde,CPV,2009,424.2
Cambodia,KHM,2009,106084.07
Cameroon,CMR,2009,209701.81
Canada,CAN,2009,3473701.86
Cayman Islands,CYM,2009,127.41
Central African Republic,CAF,2009,226330.0
Chad,TCD,2009,56123.0
Channel Islands,CHI,2009,10.01
Chile,CHL,2009,166344.4
China,CHN,2009,1982493.97
Colombia,COL,2009,610005.61
Comoros,COM,2009,377.38
"Congo, Dem. Rep.",COD,2009,1378420.0
"Congo, Rep.",COG,2009,220870.0
Costa Rica,CRI,2009,28698.02
Cote d'Ivoire,CIV,2009,40784.67
Croatia,HRV,2009,19165.0
Cuba,CUB,2009,28823.0
Curacao,CUW,2009,
Cyprus,CYP,2009,1727.17
Czechia,CZE,2009,26553.71
Denmark,DNK,2009,5850.01
Djibouti,DJI,2009,56.0
Dominica,DMA,2009,478.7
Dominican Republic,DOM,2009,20630.55
Ecuador,ECU,2009,130984.21
"Egypt, Arab Rep.",EGY,2009,649.97
El Salvador,SLV,2009,6333.8
Equatorial Guinea,GNQ,2009,25403.67
Eritrea,ERI,2009,10900.2
Estonia,EST,2009,23263.07
Eswatini,SWZ,2009,4842.15
Ethiopia,ETH,2009,178715.0
Faroe Islands,FRO,2009,0.8
Fiji,FJI,2009,10665.63
Finland,FIN,2009,222623.64
France,FRA,2009,163059.0
French Polynesia,PYF,2009,1493.69
Gabon,GAB,2009,236544.69
"Gambia, The",GMB,2009,3057.33
Georgia,GEO,2009,28162.2
Germany,DEU,2009,114035.0
Ghana,GHA,2009,80334.98
Gibraltar,GIB,2009,0.0
Greece,GRC,2009,38716.457
Greenland,GRL,2009,2.2
Grenada,GRD,2009,177.0
Guam,GUM,2009,240.0
Guatemala,GTM,2009,37712.6
Guinea,GIN,2009,66050.0
Guinea-Bissau,GNB,2009,20728.75
Guyana,GUY,2009,185242.51
Haiti,HTI,2009,3786.07
Honduras,HND,2009,65957.5
"Hong Kong SAR, China",HKG,2009,
Hungary,HUN,2009,20338.68
Iceland,ISL,2009,431.86
India,IND,2009,693055.0
Indonesia,IDN,2009,998212.8
"Iran, Islamic Rep.",IRN,2009,105553.48
Iraq,IRQ,2009,8243.0
Ireland,IRL,2009,7113.78
Isle of Man,IMN,2009,34.6
Israel,ISR,2009,1539.0
Italy,ITA,2009,89621.61
Jamaica,JAM,2009,5547.05
Japan,JPN,2009,249570.0
Jordan,JOR,2009,975.0
Kazakhstan,KAZ,2009,30896.541
Kenya,KEN,2009,36508.25
Kiribati,KIR,2009,11.8
"Korea, Dem. People's Rep.",PRK,2009,62636.2
"Korea, Rep.",KOR,2009,63959.0
Kosovo,XKX,2009,
Kuwait,KWT,2009,61.1
Kyrgyz Republic,KGZ,2009,12248.02
Lao PDR,LAO,2009,169889.5
Latvia,LVA,2009,33590.08
Lebanon,LBN,2009,1374.33
Lesotho,LSO,2009,345.2
Liberia,LBR,2009,79503.0
Libya,LBY,2009,2170.0
Liechtenstein,LIE,2009,66.993
Lithuania,LTU,2009,21550.0
Luxembourg,LUX,2009,885.0
"Macao SAR, China",MAC,2009,
Madagascar,MDG,2009,126088.49
Malawi,MWI,2009,27037.0
Malaysia,MYS,2009,190220.2
Maldives,MDV,2009,8.2
Mali,MLI,2009,132960.0
Malta,MLT,2009,3.5
Marshall Islands,MHL,2009,94.0
Mauritania,MRT,2009,3726.8
Mauritius,MUS,2009,387.44
Mexico,MEX,2009,670871.14
"Micronesia, Fed. Sts.",FSM,2009,641.03
Moldova,MDA,2009,3714.9
Monaco,MCO,2009,0.0
Mongolia,MNG,2009,141919.0
Montenegro,MNE,2009,8069.0
Morocco,MAR,2009,56577.67
Mozambique,MOZ,2009,391937.26
Myanmar,MMR,2009,317837.11
Namibia,NAM,2009,74199.994
Nauru,NRU,2009,0.0
Nepal,NPL,2009,59439.03
Netherlands,NLD,2009,3720.82
New Caledonia,NCL,2009,8389.03
New Zealand,NZL,2009,98483.52
Nicaragua,NIC,2009,43092.67
Niger,NER,2009,12163.2
Nigeria,NGA,2009,234232.86
North Macedonia,MKD,2009,9601.42
Northern Mariana Islands,MNP,2009,304.84
Norway,NOR,2009,121031.0
Oman,OMN,2009,30.0
Pakistan,PAK,2009,41354.83
Palau,PLW,2009,404.62
Panama,PAN,2009,43394.05
Papua New Guinea,PNG,2009,361887.934
Paraguay,PRY,2009,199123.54
Peru,PER,2009,741746.03
Philippines,PHL,2009,68866.74
Poland,POL,2009,93020.0
Portugal,PRT,2009,32549.0
Puerto Rico,PRI,2009,4852.2
Qatar,QAT,2009,0.0
Romania,ROU,2009,65001.0
Russian Federation,RUS,2009,8145488.9
Rwanda,RWA,2009,2672.0
Samoa,WSM,2009,1669.72
San Marino,SMR,2009,10.0
Sao Tome and Principe,STP,2009,581.26
Saudi Arabia,SAU,2009,9770.0
Senegal,SEN,2009,85066.6
Serbia,SRB,2009,26877.0
Seychelles,SYC,2009,337.0
Sierra Leone,SLE,2009,27518.87
Singapore,SGP,2009,176.677
Sint Maarten (Dutch part),SXM,2009,
Slovak Republic,SVK,2009,19162.6
Slovenia,SVN,2009,12456.0
Solomon Islands,SLB,2009,25310.12
Somalia,SOM,2009,68242.5
South Africa,ZAF,2009,174504.9
South Sudan,SSD,2009,
Spain,ESP,2009,184001.99
Sri Lanka,LKA,2009,21099.0
St. Kitts and Nevis,KNA,2009,110.0
St. Lucia,LCA,2009,207.94
St. Martin (French part),MAF,2009,
St. Vincent and the Grenadines,VCT,2009,285.4
Sudan,SDN,2009,274126.69
Suriname,SUR,2009,153039.61
Sweden,SWE,2009,280820.0
Switzerland,CHE,2009,12308.66
Syrian Arab Republic,SYR,2009,4860.8
Tajikistan,TJK,2009,4100.0
Tanzania,TZA,2009,503220.1
Thailand,THA,2009,199655.0
Timor-Leste,TLS,2009,9365.0
Togo,TGO,2009,12418.294
Tonga,TON,2009,89.5
Trinidad and Tobago,TTO,2009,2328.34
Tunisia,TUN,2009,6854.72
Turkiye,TUR,2009,209896.07
Turkmenistan,TKM,2009,41270.0
Turks and Caicos Islands,TCA,2009,105.2
Tuvalu,TUV,2009,10.0
Uganda,UGA,2009,27916.73
Ukraine,UKR,2009,95442.0
United Arab Emirates,ARE,2009,3165.13
United Kingdom,GBR,2009,30485.0
United States,USA,2009,3082016.0
Uruguay,URY,2009,16950.7
Uzbekistan,UZB,2009,33107.861
Vanuatu,VUT,2009,4423.0
"Venezuela, RB",VEN,2009,476696.0
Vietnam,VNM,2009,132276.64
Virgin Islands (U.S.),VIR,2009,186.34
West Bank and Gaza,PSE,2009,98.63
"Yemen, Rep.",YEM,2009,5490.0
Zambia,ZMB,2009,467318.0
Zimbabwe,ZWE,2009,179513.5
Africa Eastern and Southern,AFE,2009,4822821.054
Africa Western and Central,AFW,2009,1878459.224
Arab World,ARB,2009,465695.77
Caribbean small states,CSS,2009,366648.43
Central Europe and the Baltics,CEB,2009,371108.14
Early-demographic dividend,EAR,2009,7876394.935
East Asia & Pacific,EAS,2009,6509000.941
East Asia & Pacific (excluding high income),EAP,2009,4784663.584
East Asia & Pacific (IDA & IBRD countries),TEA,2009,4722027.384
Euro area,EMU,2009,1013561.787
Europe & Central Asia,ECS,2009,10503103.593
Europe & Central Asia (excluding high income),ECA,2009,8814255.783
Europe & Central Asia (IDA & IBRD countries),TEC,2009,8991441.783
European Union,EUU,2009,1561318.187
Fragile and conflict affected situations,FCS,2009,4990336.974
Heavily indebted poor countries (HIPC),HPC,2009,5684384.444
High income,HIC,2009,10408755.657
IBRD only,IBD,2009,24277319.806
IDA & IBRD total,IBT,2009,31116612.991
IDA blend,IDB,2009,1338780.915
IDA only,IDX,2009,5500512.27
IDA total,IDA,2009,6839293.185
Late-demographic dividend,LTE,2009,17534521.782
Latin America & Caribbean,LCN,2009,9656604.48
Latin America & Caribbean (excluding high income),LAC,2009,8754976.63
Latin America & the Caribbean (IDA & IBRD countries),TLA,2009,9617308.1
Least developed countries: UN classification,LDC,2009,5772362.28
Low & middle income,LMY,2009,30139493.351
Low income,LIC,2009,3211534.114
Lower middle income,LMC,2009,6080370.181
Middle East & North Africa,MEA,2009,226318.38
Middle East & North Africa (excluding high income),MNA,2009,211744.6
Middle East & North Africa (IDA & IBRD countries),TMN,2009,211645.97
Middle income,MIC,2009,26927959.237
North America,NAC,2009,6555727.86
Not classified,INX,2009,
OECD members,OED,2009,11555483.657
Other small states,OSS,2009,606498.524
Pacific island small states,PSS,2009,43319.42
Post-demographic dividend,PST,2009,9979296.264
Pre-demographic dividend,PRE,2009,5632010.364
Small states,SST,2009,1016466.374
South Asia,SAS,2009,872909.476
South Asia (IDA & IBRD),TSA,2009,872909.476
Sub-Saharan Africa,SSF,2009,6701280.278
Sub-Saharan Africa (excluding high income),SSA,2009,6700943.278
Sub-Saharan Africa (IDA & IBRD countries),TSS,2009,6701280.278
Upper middle income,UMC,2009,20847589.056
World,WLD,2009,41024945.008
Afghanistan,AFG,2010,12084.4
Albania,ALB,2010,7820.7
Algeria,DZA,2010,19180.0
American Samoa,ASM,2010,174.3
Andorra,AND,2010,160.0
Angola,AGO,2010,721580.0
Antigua and Barbuda,ATG,2010,87.8
Argentina,ARG,2010,302140.0
Armenia,ARM,2010,3305.6
Aruba,ABW,2010,4.2
Australia,AUS,2010,1295461.0
Austria,AUT,2010,38632.0
Azerbaijan,AZE,2010,10324.946
"Bahamas, The",BHS,2010,5098.6
Bahrain,BHR,2010,5.2
Bangladesh,BGD,2010,18883.42
Barbados,BRB,2010,63.0
Belarus,BLR,2010,86300.0
Belgium,BEL,2010,6898.7
Belize,BLZ,2010,13913.9
Benin,BEN,2010,36351.5
Bermuda,BMU,2010,10.0
Bhutan,BTN,2010,27052.9
Bolivia,BOL,2010,530860.1
Bosnia and Herzegovina,BIH,2010,21026.6
Botswana,BWA,2010,164377.0
Brazil,BRA,2010,5115807.0
British Virgin Islands,VGB,2010,36.4
Brunei Darussalam,BRN,2010,3800.0
Bulgaria,BGR,2010,37370.0
Burkina Faso,BFA,2010,67165.0
Burundi,BDI,2010,1939.4
Cabo Verde,CPV,2010,427.2
Cambodia,KHM,2010,105892.3
Cameroon,CMR,2010,209004.8
Canada,CAN,2010,3473222.1
Cayman Islands,CYM,2010,127.2
Central African Republic,CAF,2010,226030.0
Chad,TCD,2010,55300.0
Channel Islands,CHI,2010,10.2
Chile,CHL,2010,167252.6
China,CHN,2010,2006103.8
Colombia,COL,2010,608077.9
Comoros,COM,2010,373.0
"Congo, Dem. Rep.",COD,2010,1371690.0
"Congo, Rep.",COG,2010,220750.0
Costa Rica,CRI,2010,28712.0
Cote d'Ivoire,CIV,2010,39655.8
Croatia,HRV,2010,19200.0
Cuba,CUB,2010,29320.0
Curacao,CUW,2010,
Cyprus,CYP,2010,1728.4
Czechia,CZE,2010,26573.8
Denmark,DNK,2010,5864.9
Djibouti,DJI,2010,56.0
Dominica,DMA,2010,478.7
Dominican Republic,DOM,2010,20731.2
Ecuador,ECU,2010,130281.9
"Egypt, Arab Rep.",EGY,2010,656.4
El Salvador,SLV,2010,6288.8
Equatorial Guinea,GNQ,2010,25320.1
Eritrea,ERI,2010,10868.6
Estonia,EST,2010,23360.2
Eswatini,SWZ,2010,4854.3
Ethiopia,ETH,2010,177985.0
Faroe Islands,FRO,2010,0.8
Fiji,FJI,2010,10732.4
Finland,FIN,2010,222420.0
France,FRA,2010,164190.0
French Polynesia,PYF,2010,1494.6
Gabon,GAB,2010,236494.1
"Gambia, The",GMB,2010,3000.0
Georgia,GEO,2010,28224.0
Germany,DEU,2010,114090.0
Ghana,GHA,2010,79429.3
Gibraltar,GIB,2010,0.0
Greece,GRC,2010,39018.03
Greenland,GRL,2010,2.2
Grenada,GRD,2010,177.0
Guam,GUM,2010,240.0
Guatemala,GTM,2010,37226.0
Guinea,GIN,2010,65690.0
Guinea-Bissau,GNB,2010,20644.3
Guyana,GUY,2010,185198.1
Haiti,HTI,2010,3783.8
Honduras,HND,2010,65754.7
"Hong Kong SAR, China",HKG,2010,
Hungary,HUN,2010,20463.9
Iceland,ISL,2010,446.7
India,IND,2010,694960.0
Indonesia,IDN,2010,996592.0
"Iran, Islamic Rep.",IRN,2010,106919.8
Iraq,IRQ,2010,8250.0
Ireland,IRL,2010,7203.8
Isle of Man,IMN,2010,34.6
Israel,ISR,2010,1540.0
Italy,ITA,2010,90280.4
Jamaica,JAM,2010,5584.5
Japan,JPN,2010,249660.0
Jordan,JOR,2010,975.0
Kazakhstan,KAZ,2010,30821.795
Kenya,KEN,2010,36163.4
Kiribati,KIR,2010,11.8
"Korea, Dem. People's Rep.",PRK,2010,62423.9
"Korea, Rep.",KOR,2010,63870.0
Kosovo,XKX,2010,
Kuwait,KWT,2010,62.5
Kyrgyz Republic,KGZ,2010,12296.8
Lao PDR,LAO,2010,169405.0
Latvia,LVA,2010,33721.2
Lebanon,LBN,2010,1373.5
Lesotho,LSO,2010,345.2
Liberia,LBR,2010,79200.4
Libya,LBY,2010,2170.0
Liechtenstein,LIE,2010,66.992
Lithuania,LTU,2010,21700.0
Luxembourg,LUX,2010,887.0
"Macao SAR, China",MAC,2010,
Madagascar,MDG,2010,125619.8
Malawi,MWI,2010,26617.0
Malaysia,MYS,2010,189476.5
Maldives,MDV,2010,8.2
Mali,MLI,2010,132960.0
Malta,MLT,2010,3.5
Marshall Islands,MHL,2010,94.0
Mauritania,MRT,2010,3672.4
Mauritius,MUS,2010,383.9
Mexico,MEX,2010,669433.1
"Micronesia, Fed. Sts.",FSM,2010,641.3
Moldova,MDA,2010,3745.0
Monaco,MCO,2010,0.0
Mongolia,MNG,2010,141839.0
Montenegro,MNE,2010,8270.0
Morocco,MAR,2010,56745.7
Mozambique,MOZ,2010,389721.4
Myanmar,MMR,2010,314410.0
Namibia,NAM,2010,73489.9
Nauru,NRU,2010,0.0
Nepal,NPL,2010,59620.3
Netherlands,NLD,2010,3734.8
New Caledonia,NCL,2010,8390.2
New Zealand,NZL,2010,98481.2
Nicaragua,NIC,2010,41881.5
Niger,NER,2010,12039.0
Nigeria,NGA,2010,232599.8
North Macedonia,MKD,2010,9604.3
Northern Mariana Islands,MNP,2010,303.2
Norway,NOR,2010,121020.0
Oman,OMN,2010,30.0
Pakistan,PAK,2010,40937.3
Palau,PLW,2010,405.6
Panama,PAN,2010,43279.9
Papua New Guinea,PNG,2010,361788.853
Paraguay,PRY,2010,195702.1
Peru,PER,2010,740498.0
Philippines,PHL,2010,68397.2
Poland,POL,2010,93290.0
Portugal,PRT,2010,32520.0
Puerto Rico,PRI,2010,4914.5
Qatar,QAT,2010,0.0
Romania,ROU,2010,65150.0
Russian Federation,RUS,2010,8151356.0
Rwanda,RWA,2010,2650.0
Samoa,WSM,2010,1664.9
San Marino,SMR,2010,10.0
Sao Tome and Principe,STP,2010,581.0
Saudi Arabia,SAU,2010,9770.0
Senegal,SEN,2010,84681.6
Serbia,SRB,2010,27130.0
Seychelles,SYC,2010,337.0
Sierra Leone,SLE,2010,27321.6
Singapore,SGP,2010,177.404
Sint Maarten (Dutch part),SXM,2010,
Slovak Republic,SVK,2010,19179.1
Slovenia,SVN,2010,12470.0
Solomon Islands,SLB,2010,25302.8
Somalia,SOM,2010,67475.0
South Africa,ZAF,2010,174140.9
South Sudan,SSD,2010,
Spain,ESP,2010,185453.4
Sri Lanka,LKA,2010,21036.2
St. Kitts and Nevis,KNA,2010,110.0
St. Lucia,LCA,2010,207.7
St. Martin (French part),MAF,2010,
St. Vincent and the Grenadines,VCT,2010,285.4
Sudan,SDN,2010,272381.7
Suriname,SUR,2010,152998.6
Sweden,SWE,2010,280730.0
Switzerland,CHE,2010,12347.2
Syrian Arab Republic,SYR,2010,4920.8
Tajikistan,TJK,2010,4100.0
Tanzania,TZA,2010,499500.1
Thailand,THA,2010,200730.0
Timor-Leste,TLS,2010,9351.0
Togo,TGO,2010,12388.7
Tonga,TON,2010,89.5
Trinidad and Tobago,TTO,2010,2324.1
Tunisia,TUN,2010,6874.3
Turkiye,TUR,2010,210830.8
Turkmenistan,TKM,2010,41270.0
Turks and Caicos Islands,TCA,2010,105.2
Tuvalu,TUV,2010,10.0
Uganda,UGA,2010,27504.2
Ukraine,UKR,2010,95480.0
United Arab Emirates,ARE,2010,3173.0
United Kingdom,GBR,2010,30590.0
United States,USA,2010,3087200.0
Uruguay,URY,2010,17313.0
Uzbekistan,UZB,2010,33496.0
Vanuatu,VUT,2010,4423.0
"Venezuela, RB",VEN,2010,475050.0
Vietnam,VNM,2010,133880.6
Virgin Islands (U.S.),VIR,2010,184.3
West Bank and Gaza,PSE,2010,99.5
"Yemen, Rep.",YEM,2010,5490.0
Zambia,ZMB,2010,466960.0
Zimbabwe,ZWE,2010,179052.8
Africa Eastern and Southern,AFE,2010,4796590.6
Africa Western and Central,AFW,2010,1870125.6
Arab World,ARB,2010,463734.0
Caribbean small states,CSS,2010,366527.4
Central Europe and the Baltics,CEB,2010,372478.2
Early-demographic dividend,EAR,2010,7854806.573
East Asia & Pacific,EAS,2010,6525717.357
East Asia & Pacific (excluding high income),EAP,2010,4803665.453
East Asia & Pacific (IDA & IBRD countries),TEA,2010,4741241.553
Euro area,EMU,2010,1017490.53
Europe & Central Asia,ECS,2010,10516220.863
Europe & Central Asia (excluding high income),ECA,2010,8822772.541
Europe & Central Asia (IDA & IBRD countries),TEC,2010,9000412.541
European Union,EUU,2010,1566133.13
Fragile and conflict affected situations,FCS,2010,4968279.753
Heavily indebted poor countries (HIPC),HPC,2010,5656713.2
High income,HIC,2010,10416952.426
IBRD only,IBD,2010,24250698.841
IDA & IBRD total,IBT,2010,31058003.914
IDA blend,IDB,2010,1335452.353
IDA only,IDX,2010,5471852.72
IDA total,IDA,2010,6807305.073
Late-demographic dividend,LTE,2010,17527069.541
Latin America & Caribbean,LCN,2010,9601292.8
Latin America & Caribbean (excluding high income),LAC,2010,8700143.9
Latin America & the Caribbean (IDA & IBRD countries),TLA,2010,9561439.4
Least developed countries: UN classification,LDC,2010,5741589.62
Low & middle income,LMY,2010,30081254.814
Low income,LIC,2010,3195420.2
Lower middle income,LMC,2010,6061603.673
Middle East & North Africa,MEA,2010,228295.2
Middle East & North Africa (excluding high income),MNA,2010,213711.0
Middle East & North Africa (IDA & IBRD countries),TMN,2010,213611.5
Middle income,MIC,2010,26885834.614
North America,NAC,2010,6560432.1
Not classified,INX,2010,
OECD members,OED,2010,11560825.83
Other small states,OSS,2010,604719.1
Pacific island small states,PSS,2010,43375.3
Post-demographic dividend,PST,2010,9986806.734
Pre-demographic dividend,PRE,2010,5601854.0
Small states,SST,2010,1014621.8
South Asia,SAS,2010,874582.72
South Asia (IDA & IBRD),TSA,2010,874582.72
Sub-Saharan Africa,SSF,2010,6666716.2
Sub-Saharan Africa (excluding high income),SSA,2010,6666379.2
Sub-Saharan Africa (IDA & IBRD countries),TSS,2010,6666716.2
Upper middle income,UMC,2010,20824230.941
World,WLD,2010,40973257.24
Afghanistan,AFG,2011,12084.4
Albania,ALB,2011,7834.935
Algeria,DZA,2011,19256.0
American Samoa,ASM,2011,174.0
Andorra,AND,2011,160.0
Angola,AGO,2011,716029.38
Antigua and Barbuda,ATG,2011,87.14
Argentina,ARG,2011,299906.0
Armenia,ARM,2011,3303.52
Aruba,ABW,2011,4.2
Australia,AUS,2011,1302557.8
Austria,AUT,2011,38667.98
Azerbaijan,AZE,2011,10415.731
"Bahamas, The",BHS,2011,5098.6
Bahrain,BHR,2011,5.36
Bangladesh,BGD,2011,18873.536
Barbados,BRB,2011,63.0
Belarus,BLR,2011,86307.0
Belgium,BEL,2011,6897.56
Belize,BLZ,2011,13796.78
Benin,BEN,2011,35851.5
Bermuda,BMU,2011,10.0
Bhutan,BTN,2011,27072.68
Bolivia,BOL,2011,528742.52
Bosnia and Herzegovina,BIH,2011,21142.28
Botswana,BWA,2011,163194.0
Brazil,BRA,2011,5100415.2
British Virgin Islands,VGB,2011,36.36
Brunei Darussalam,BRN,2011,3800.0
Bulgaria,BGR,2011,37562.0
Burkina Faso,BFA,2011,66664.8
Burundi,BDI,2011,2110.8
Cabo Verde,CPV,2011,430.2
Cambodia,KHM,2011,102407.48
Cameroon,CMR,2011,208444.8
Canada,CAN,2011,3472809.1
Cayman Islands,CYM,2011,127.2
Central African Republic,CAF,2011,225730.0
Chad,TCD,2011,54020.0
Channel Islands,CHI,2011,10.2
Chile,CHL,2011,168994.24
China,CHN,2011,2025471.54
Colombia,COL,2011,606731.64
Comoros,COM,2011,368.62
"Congo, Dem. Rep.",COD,2011,1360676.24
"Congo, Rep.",COG,2011,220630.0
Costa Rica,CRI,2011,28875.66
Cote d'Ivoire,CIV,2011,38526.94
Croatia,HRV,2011,19204.0
Cuba,CUB,2011,29824.0
Curacao,CUW,2011,0.7
Cyprus,CYP,2011,1728.14
Czechia,CZE,2011,26595.82
Denmark,DNK,2011,5941.28
Djibouti,DJI,2011,56.0
Dominica,DMA,2011,478.7
Dominican Republic,DOM,2011,20792.26
Ecuador,ECU,2011,129863.88
"Egypt, Arab Rep.",EGY,2011,621.96
El Salvador,SLV,2011,6243.8
Equatorial Guinea,GNQ,2011,25236.52
Eritrea,ERI,2011,10837.0
Estonia,EST,2011,23530.18
Eswatini,SWZ,2011,4866.44
Ethiopia,ETH,2011,177255.0
Faroe Islands,FRO,2011,0.8
Fiji,FJI,2011,10799.16
Finland,FIN,2011,222754.0
France,FRA,2011,165024.0
French Polynesia,PYF,2011,1494.6
Gabon,GAB,2011,236375.28
"Gambia, The",GMB,2011,2942.68
Georgia,GEO,2011,28224.0
Germany,DEU,2011,114110.0
Ghana,GHA,2011,79304.32
Gibraltar,GIB,2011,0.0
Greece,GRC,2011,39018.03
Greenland,GRL,2011,2.2
Grenada,GRD,2011,177.0
Guam,GUM,2011,242.0
Guatemala,GTM,2011,36952.4
Guinea,GIN,2011,65330.0
Guinea-Bissau,GNB,2011,20559.86
Guyana,GUY,2011,185081.2
Haiti,HTI,2011,3752.74
Honduras,HND,2011,65531.42
"Hong Kong SAR, China",HKG,2011,
Hungary,HUN,2011,20492.76
Iceland,ISL,2011,453.68
India,IND,2011,697624.0
Indonesia,IDN,2011,987329.4
"Iran, Islamic Rep.",IRN,2011,106919.8
Iraq,IRQ,2011,8250.0
Ireland,IRL,2011,7272.38
Isle of Man,IMN,2011,34.6
Israel,ISR,2011,1562.0
Italy,ITA,2011,90818.48
Jamaica,JAM,2011,5622.52
Japan,JPN,2011,249616.0
Jordan,JOR,2011,975.0
Kazakhstan,KAZ,2011,31274.349
Kenya,KEN,2011,35975.54
Kiribati,KIR,2011,11.8
"Korea, Dem. People's Rep.",PRK,2011,62211.6
"Korea, Rep.",KOR,2011,63770.0
Kosovo,XKX,2011,
Kuwait,KWT,2011,62.5
Kyrgyz Republic,KGZ,2011,12341.06
Lao PDR,LAO,2011,169060.0
Latvia,LVA,2011,33759.84
Lebanon,LBN,2011,1379.46
Lesotho,LSO,2011,345.2
Liberia,LBR,2011,78897.8
Libya,LBY,2011,2170.0
Liechtenstein,LIE,2011,66.994
Lithuania,LTU,2011,21734.0
Luxembourg,LUX,2011,887.0
"Macao SAR, China",MAC,2011,
Madagascar,MDG,2011,125487.62
Malawi,MWI,2011,26197.0
Malaysia,MYS,2011,190509.64
Maldives,MDV,2011,8.2
Mali,MLI,2011,132960.0
Malta,MLT,2011,3.5
Marshall Islands,MHL,2011,94.0
Mauritania,MRT,2011,3618.0
Mauritius,MUS,2011,383.72
Mexico,MEX,2011,668208.3
"Micronesia, Fed. Sts.",FSM,2011,641.58
Moldova,MDA,2011,3768.8
Monaco,MCO,2011,0.0
Mongolia,MNG,2011,141827.86
Montenegro,MNE,2011,8270.0
Morocco,MAR,2011,56765.94
Mozambique,MOZ,2011,387657.12
Myanmar,MMR,2011,311512.88
Namibia,NAM,2011,72779.82
Nauru,NRU,2011,0.0
Nepal,NPL,2011,59620.3
Netherlands,NLD,2011,3717.5
New Caledonia,NCL,2011,8389.2
New Zealand,NZL,2011,98478.18
Nicaragua,NIC,2011,41320.26
Niger,NER,2011,11914.8
Nigeria,NGA,2011,230966.74
North Macedonia,MKD,2011,9672.24
Northern Mariana Islands,MNP,2011,301.54
Norway,NOR,2011,121098.0
Oman,OMN,2011,30.0
Pakistan,PAK,2011,40615.04
Palau,PLW,2011,406.46
Panama,PAN,2011,43165.74
Papua New Guinea,PNG,2011,361479.924
Paraguay,PRY,2011,191559.56
Peru,PER,2011,738787.46
Philippines,PHL,2011,68746.06
Poland,POL,2011,93472.0
Portugal,PRT,2011,32640.0
Puerto Rico,PRI,2011,4919.36
Qatar,QAT,2011,0.0
Romania,ROU,2011,65921.92
Russian Federation,RUS,2011,8150945.72
Rwanda,RWA,2011,2660.0
Samoa,WSM,2011,1660.06
San Marino,SMR,2011,10.0
Sao Tome and Principe,STP,2011,574.8
Saudi Arabia,SAU,2011,9770.0
Senegal,SEN,2011,84281.6
Serbia,SRB,2011,27143.06
Seychelles,SYC,2011,337.0
Sierra Leone,SLE,2011,27124.34
Singapore,SGP,2011,174.866
Sint Maarten (Dutch part),SXM,2011,3.7
Slovak Republic,SVK,2011,19186.78
Slovenia,SVN,2011,12472.0
Solomon Islands,SLB,2011,25295.48
Somalia,SOM,2011,66707.5
South Africa,ZAF,2011,173776.9
South Sudan,SSD,2011,
Spain,ESP,2011,185465.08
Sri Lanka,LKA,2011,21086.6
St. Kitts and Nevis,KNA,2011,110.0
St. Lucia,LCA,2011,207.7
St. Martin (French part),MAF,2011,12.4
St. Vincent and the Grenadines,VCT,2011,285.4
Sudan,SDN,2011,270639.22
Suriname,SUR,2011,152902.22
Sweden,SWE,2011,280544.0
Switzerland,CHE,2011,12381.58
Syrian Arab Republic,SYR,2011,4980.8
Tajikistan,TJK,2011,4123.6
Tanzania,TZA,2011,495780.08
Thailand,THA,2011,200706.0
Timor-Leste,TLS,2011,9337.0
Togo,TGO,2011,12359.1
Tonga,TON,2011,89.5
Trinidad and Tobago,TTO,2011,2319.86
Tunisia,TUN,2011,6889.6
Turkiye,TUR,2011,211925.24
Turkmenistan,TKM,2011,41270.0
Turks and Caicos Islands,TCA,2011,105.2
Tuvalu,TUV,2011,10.0
Uganda,UGA,2011,27091.68
Ukraine,UKR,2011,95698.0
United Arab Emirates,ARE,2011,3173.0
United Kingdom,GBR,2011,30782.0
United States,USA,2011,3089950.0
Uruguay,URY,2011,17690.4
Uzbekistan,UZB,2011,33895.6
Vanuatu,VUT,2011,4423.0
"Venezuela, RB",VEN,2011,473406.0
Vietnam,VNM,2011,135228.2
Virgin Islands (U.S.),VIR,2011,185.76
West Bank and Gaza,PSE,2011,99.88
"Yemen, Rep.",YEM,2011,5490.0
Zambia,ZMB,2011,465078.2
Zimbabwe,ZWE,2011,178592.1
Africa Eastern and Southern,AFE,2011,4765400.98
Africa Western and Central,AFW,2011,1862169.28
Arab World,ARB,2011,461308.84
Caribbean small states,CSS,2011,366230.12
Central Europe and the Baltics,CEB,2011,373931.3
Early-demographic dividend,EAR,2011,7824279.76
East Asia & Pacific,EAS,2011,6538256.81
East Asia & Pacific (excluding high income),EAP,2011,4809258.624
East Asia & Pacific (IDA & IBRD countries),TEA,2011,4747047.024
Euro area,EMU,2011,1019686.45
Europe & Central Asia,ECS,2011,10521971.919
Europe & Central Asia (excluding high income),ECA,2011,8825117.135
Europe & Central Asia (IDA & IBRD countries),TEC,2011,9003715.055
European Union,EUU,2011,1569420.23
Fragile and conflict affected situations,FCS,2011,4942416.744
Heavily indebted poor countries (HIPC),HPC,2011,5624793.96
High income,HIC,2011,10431570.49
IBRD only,IBD,2011,24232584.355
IDA & IBRD total,IBT,2011,31001079.655
IDA blend,IDB,2011,1332314.904
IDA only,IDX,2011,5436180.396
IDA total,IDA,2011,6768495.3
Late-demographic dividend,LTE,2011,17535737.695
Latin America & Caribbean,LCN,2011,9572388.48
Latin America & Caribbean (excluding high income),LAC,2011,8670977.42
Latin America & the Caribbean (IDA & IBRD countries),TLA,2011,9532008.0
Least developed countries: UN classification,LDC,2011,5702334.236
Low & middle income,LMY,2011,30023425.635
Low income,LIC,2011,3175259.36
Lower middle income,LMC,2011,6039786.9
Middle East & North Africa,MEA,2011,228460.8
Middle East & North Africa (excluding high income),MNA,2011,213854.44
Middle East & North Africa (IDA & IBRD countries),TMN,2011,213754.56
Middle income,MIC,2011,26848166.275
North America,NAC,2011,6562769.1
Not classified,INX,2011,
OECD members,OED,2011,11573194.09
Other small states,OSS,2011,602668.88
Pacific island small states,PSS,2011,43431.04
Post-demographic dividend,PST,2011,9999287.936
Pre-demographic dividend,PRE,2011,5566366.88
Small states,SST,2011,1012330.04
South Asia,SAS,2011,876984.756
South Asia (IDA & IBRD),TSA,2011,876984.756
Sub-Saharan Africa,SSF,2011,6627570.26
Sub-Saharan Africa (excluding high income),SSA,2011,6627233.26
Sub-Saharan Africa (IDA & IBRD countries),TSS,2011,6627570.26
Upper middle income,UMC,2011,20808379.375
World,WLD,2011,40928402.125
Afghanistan,AFG,2012,12084.4
Albania,ALB,2012,7849.17
Algeria,DZA,2012,19332.0
American Samoa,ASM,2012,173.7
Andorra,AND,2012,160.0
Angola,AGO,2012,710478.76
Antigua and Barbuda,ATG,2012,86.48
Argentina,ARG,2012,297672.0
Armenia,ARM,2012,3301.44
Aruba,ABW,2012,4.2
Australia,AUS,2012,1309654.6
Austria,AUT,2012,38703.96
Azerbaijan,AZE,2012,10506.515
"Bahamas, The",BHS,2012,5098.6
Bahrain,BHR,2012,5.52
Bangladesh,BGD,2012,18863.652
Barbados,BRB,2012,63.0
Belarus,BLR,2012,86314.0
Belgium,BEL,2012,6896.42
Belize,BLZ,2012,13679.66
Benin,BEN,2012,35351.5
Bermuda,BMU,2012,10.0
Bhutan,BTN,2012,27092.46
Bolivia,BOL,2012,526624.94
Bosnia and Herzegovina,BIH,2012,21257.96
Botswana,BWA,2012,162011.0
Brazil,BRA,2012,5085023.4
British Virgin Islands,VGB,2012,36.32
Brunei Darussalam,BRN,2012,3800.0
Bulgaria,BGR,2012,37754.0
Burkina Faso,BFA,2012,66164.6
Burundi,BDI,2012,2282.2
Cabo Verde,CPV,2012,433.2
Cambodia,KHM,2012,98922.66
Cameroon,CMR,2012,207884.8
Canada,CAN,2012,3472396.1
Cayman Islands,CYM,2012,127.2
Central African Republic,CAF,2012,225430.0
Chad,TCD,2012,52740.0
Channel Islands,CHI,2012,10.2
Chile,CHL,2012,170735.88
China,CHN,2012,2044839.28
Colombia,COL,2012,605385.38
Comoros,COM,2012,364.24
"Congo, Dem. Rep.",COD,2012,1349662.48
"Congo, Rep.",COG,2012,220510.0
Costa Rica,CRI,2012,29039.32
Cote d'Ivoire,CIV,2012,37398.08
Croatia,HRV,2012,19208.0
Cuba,CUB,2012,30328.0
Curacao,CUW,2012,0.7
Cyprus,CYP,2012,1727.88
Czechia,CZE,2012,26617.84
Denmark,DNK,2012,6017.66
Djibouti,DJI,2012,56.0
Dominica,DMA,2012,478.7
Dominican Republic,DOM,2012,20853.32
Ecuador,ECU,2012,129445.86
"Egypt, Arab Rep.",EGY,2012,587.52
El Salvador,SLV,2012,6198.8
Equatorial Guinea,GNQ,2012,25152.94
Eritrea,ERI,2012,10805.4
Estonia,EST,2012,23700.16
Eswatini,SWZ,2012,4878.58
Ethiopia,ETH,2012,176525.0
Faroe Islands,FRO,2012,0.8
Fiji,FJI,2012,10865.92
Finland,FIN,2012,223088.0
France,FRA,2012,165858.0
French Polynesia,PYF,2012,1494.6
Gabon,GAB,2012,236256.46
"Gambia, The",GMB,2012,2885.36
Georgia,GEO,2012,28224.0
Germany,DEU,2012,114130.0
Ghana,GHA,2012,79179.34
Gibraltar,GIB,2012,0.0
Greece,GRC,2012,39018.03
Greenland,GRL,2012,2.2
Grenada,GRD,2012,177.0
Guam,GUM,2012,244.0
Guatemala,GTM,2012,36678.8
Guinea,GIN,2012,64970.0
Guinea-Bissau,GNB,2012,20475.42
Guyana,GUY,2012,184964.3
Haiti,HTI,2012,3721.68
Honduras,HND,2012,65308.14
"Hong Kong SAR, China",HKG,2012,
Hungary,HUN,2012,20521.62
Iceland,ISL,2012,460.66
India,IND,2012,700288.0
Indonesia,IDN,2012,978066.8
"Iran, Islamic Rep.",IRN,2012,106919.8
Iraq,IRQ,2012,8250.0
Ireland,IRL,2012,7340.96
Isle of Man,IMN,2012,34.6
Israel,ISR,2012,1584.0
Italy,ITA,2012,91356.56
Jamaica,JAM,2012,5660.54
Japan,JPN,2012,249572.0
Jordan,JOR,2012,975.0
Kazakhstan,KAZ,2012,31726.902
Kenya,KEN,2012,35787.68
Kiribati,KIR,2012,11.8
"Korea, Dem. People's Rep.",PRK,2012,61999.3
"Korea, Rep.",KOR,2012,63670.0
Kosovo,XKX,2012,
Kuwait,KWT,2012,62.5
Kyrgyz Republic,KGZ,2012,12385.32
Lao PDR,LAO,2012,168715.0
Latvia,LVA,2012,33798.48
Lebanon,LBN,2012,1385.42
Lesotho,LSO,2012,345.2
Liberia,LBR,2012,78595.2
Libya,LBY,2012,2170.0
Liechtenstein,LIE,2012,66.995
Lithuania,LTU,2012,21768.0
Luxembourg,LUX,2012,887.0
"Macao SAR, China",MAC,2012,
Madagascar,MDG,2012,125355.44
Malawi,MWI,2012,25777.0
Malaysia,MYS,2012,191542.78
Maldives,MDV,2012,8.2
Mali,MLI,2012,132960.0
Malta,MLT,2012,3.5
Marshall Islands,MHL,2012,94.0
Mauritania,MRT,2012,3563.6
Mauritius,MUS,2012,383.54
Mexico,MEX,2012,666983.5
"Micronesia, Fed. Sts.",FSM,2012,641.86
Moldova,MDA,2012,3792.6
Monaco,MCO,2012,0.0
Mongolia,MNG,2012,141816.72
Montenegro,MNE,2012,8270.0
Morocco,MAR,2012,56786.18
Mozambique,MOZ,2012,385592.84
Myanmar,MMR,2012,308615.76
Namibia,NAM,2012,72069.74
Nauru,NRU,2012,0.0
Nepal,NPL,2012,59620.3
Netherlands,NLD,2012,3700.2
New Caledonia,NCL,2012,8388.2
New Zealand,NZL,2012,98475.16
Nicaragua,NIC,2012,40759.02
Niger,NER,2012,11790.6
Nigeria,NGA,2012,229333.68
North Macedonia,MKD,2012,9740.18
Northern Mariana Islands,MNP,2012,299.88
Norway,NOR,2012,121176.0
Oman,OMN,2012,30.0
Pakistan,PAK,2012,40292.78
Palau,PLW,2012,407.32
Panama,PAN,2012,43051.58
Papua New Guinea,PNG,2012,361170.995
Paraguay,PRY,2012,187417.02
Peru,PER,2012,737076.92
Philippines,PHL,2012,69094.92
Poland,POL,2012,93654.0
Portugal,PRT,2012,32760.0
Puerto Rico,PRI,2012,4924.22
Qatar,QAT,2012,0.0
Romania,ROU,2012,66693.84
Russian Federation,RUS,2012,8150535.44
Rwanda,RWA,2012,2670.0
Samoa,WSM,2012,1655.22
San Marino,SMR,2012,10.0
Sao Tome and Principe,STP,2012,568.6
Saudi Arabia,SAU,2012,9770.0
Senegal,SEN,2012,83881.6
Serbia,SRB,2012,27156.12
Seychelles,SYC,2012,337.0
Sierra Leone,SLE,2012,26927.08
Singapore,SGP,2012,172.328
Sint Maarten (Dutch part),SXM,2012,3.7
Slovak Republic,SVK,2012,19194.46
Slovenia,SVN,2012,12474.0
Solomon Islands,SLB,2012,25288.16
Somalia,SOM,2012,65940.0
South Africa,ZAF,2012,173412.9
South Sudan,SSD,2012,71570.0
Spain,ESP,2012,185476.76
Sri Lanka,LKA,2012,21137.0
St. Kitts and Nevis,KNA,2012,110.0
St. Lucia,LCA,2012,207.7
St. Martin (French part),MAF,2012,12.4
St. Vincent and the Grenadines,VCT,2012,285.4
Sudan,SDN,2012,197326.74
Suriname,SUR,2012,152805.84
Sweden,SWE,2012,280358.0
Switzerland,CHE,2012,12415.96
Syrian Arab Republic,SYR,2012,5040.8
Tajikistan,TJK,2012,4147.2
Tanzania,TZA,2012,492060.06
Thailand,THA,2012,200682.0
Timor-Leste,TLS,2012,9323.0
Togo,TGO,2012,12329.5
Tonga,TON,2012,89.5
Trinidad and Tobago,TTO,2012,2315.62
Tunisia,TUN,2012,6904.9
Turkiye,TUR,2012,213019.68
Turkmenistan,TKM,2012,41270.0
Turks and Caicos Islands,TCA,2012,105.2
Tuvalu,TUV,2012,10.0
Uganda,UGA,2012,26679.16
Ukraine,UKR,2012,95916.0
United Arab Emirates,ARE,2012,3173.0
United Kingdom,GBR,2012,30974.0
United States,USA,2012,3092700.0
Uruguay,URY,2012,18067.8
Uzbekistan,UZB,2012,34295.2
Vanuatu,VUT,2012,4423.0
"Venezuela, RB",VEN,2012,471762.0
Vietnam,VNM,2012,136575.8
Virgin Islands (U.S.),VIR,2012,187.22
West Bank and Gaza,PSE,2012,100.26
"Yemen, Rep.",YEM,2012,5490.0
Zambia,ZMB,2012,463196.4
Zimbabwe,ZWE,2012,178131.4
Africa Eastern and Southern,AFE,2012,4734211.36
Africa Western and Central,AFW,2012,1854212.96
Arab World,ARB,2012,387313.68
Caribbean small states,CSS,2012,365932.84
Central Europe and the Baltics,CEB,2012,375384.4
Early-demographic dividend,EAR,2012,7793752.947
East Asia & Pacific,EAS,2012,6550796.263
East Asia & Pacific (excluding high income),EAP,2012,4814851.795
East Asia & Pacific (IDA & IBRD countries),TEA,2012,4752852.495
Euro area,EMU,2012,1021882.37
Europe & Central Asia,ECS,2012,10527722.972
Europe & Central Asia (excluding high income),ECA,2012,8827461.727
Europe & Central Asia (IDA & IBRD countries),TEC,2012,9007017.567
European Union,EUU,2012,1572707.33
Fragile and conflict affected situations,FCS,2012,4916553.735
Heavily indebted poor countries (HIPC),HPC,2012,5521304.72
High income,HIC,2012,10446171.753
IBRD only,IBD,2012,24214469.867
IDA & IBRD total,IBT,2012,30944155.394
IDA blend,IDB,2012,1329177.455
IDA only,IDX,2012,5400508.072
IDA total,IDA,2012,6729685.527
Late-demographic dividend,LTE,2012,17544405.847
Latin America & Caribbean,LCN,2012,9543467.36
Latin America & Caribbean (excluding high income),LAC,2012,8641810.94
Latin America & the Caribbean (IDA & IBRD countries),TLA,2012,9502576.6
Least developed countries: UN classification,LDC,2012,5663078.852
Low & middle income,LMY,2012,29965596.454
Low income,LIC,2012,3155098.52
Lower middle income,LMC,2012,6017970.127
Middle East & North Africa,MEA,2012,228626.4
Middle East & North Africa (excluding high income),MNA,2012,213997.88
Middle East & North Africa (IDA & IBRD countries),TMN,2012,213897.62
Middle income,MIC,2012,26810497.934
North America,NAC,2012,6565106.1
Not classified,INX,2012,
OECD members,OED,2012,11585562.35
Other small states,OSS,2012,600618.66
Pacific island small states,PSS,2012,43486.78
Post-demographic dividend,PST,2012,10011769.138
Pre-demographic dividend,PRE,2012,5530879.76
Small states,SST,2012,1010038.28
South Asia,SAS,2012,879386.792
South Asia (IDA & IBRD),TSA,2012,879386.792
Sub-Saharan Africa,SSF,2012,6588424.32
Sub-Saharan Africa (excluding high income),SSA,2012,6588087.32
Sub-Saharan Africa (IDA & IBRD countries),TSS,2012,6588424.32
Upper middle income,UMC,2012,20792527.807
World,WLD,2012,40883530.207
Afghanistan,AFG,2013,12084.4
Albania,ALB,2013,7863.405
Algeria,DZA,2013,19408.0
American Samoa,ASM,2013,173.4
Andorra,AND,2013,160.0
Angola,AGO,2013,704928.14
Antigua and Barbuda,ATG,2013,85.82
Argentina,ARG,2013,295438.0
Armenia,ARM,2013,3299.36
Aruba,ABW,2013,4.2
Australia,AUS,2013,1316751.4
Austria,AUT,2013,38739.94
Azerbaijan,AZE,2013,10597.3
"Bahamas, The",BHS,2013,5098.6
Bahrain,BHR,2013,5.68
Bangladesh,BGD,2013,18853.768
Barbados,BRB,2013,63.0
Belarus,BLR,2013,86321.0
Belgium,BEL,2013,6895.28
Belize,BLZ,2013,13562.54
Benin,BEN,2013,34851.5
Bermuda,BMU,2013,10.0
Bhutan,BTN,2013,27112.24
Bolivia,BOL,2013,524507.36
Bosnia and Herzegovina,BIH,2013,21373.64
Botswana,BWA,2013,160828.0
Brazil,BRA,2013,5069631.6
British Virgin Islands,VGB,2013,36.28
Brunei Darussalam,BRN,2013,3800.0
Bulgaria,BGR,2013,37946.0
Burkina Faso,BFA,2013,65664.4
Burundi,BDI,2013,2453.6
Cabo Verde,CPV,2013,436.2
Cambodia,KHM,2013,95437.84
Cameroon,CMR,2013,207324.8
Canada,CAN,2013,3471983.1
Cayman Islands,CYM,2013,127.2
Central African Republic,CAF,2013,225130.0
Chad,TCD,2013,51460.0
Channel Islands,CHI,2013,10.2
Chile,CHL,2013,172477.52
China,CHN,2013,2064207.02
Colombia,COL,2013,604039.12
Comoros,COM,2013,359.86
"Congo, Dem. Rep.",COD,2013,1338648.72
"Congo, Rep.",COG,2013,220390.0
Costa Rica,CRI,2013,29202.98
Cote d'Ivoire,CIV,2013,36269.22
Croatia,HRV,2013,19212.0
Cuba,CUB,2013,30832.0
Curacao,CUW,2013,0.7
Cyprus,CYP,2013,1727.62
Czechia,CZE,2013,26639.86
Denmark,DNK,2013,6094.04
Djibouti,DJI,2013,56.0
Dominica,DMA,2013,478.7
Dominican Republic,DOM,2013,20914.38
Ecuador,ECU,2013,129027.84
"Egypt, Arab Rep.",EGY,2013,553.08
El Salvador,SLV,2013,6153.8
Equatorial Guinea,GNQ,2013,25069.36
Eritrea,ERI,2013,10773.8
Estonia,EST,2013,23870.14
Eswatini,SWZ,2013,4890.72
Ethiopia,ETH,2013,175795.0
Faroe Islands,FRO,2013,0.8
Fiji,FJI,2013,10932.68
Finland,FIN,2013,223422.0
France,FRA,2013,166692.0
French Polynesia,PYF,2013,1494.6
Gabon,GAB,2013,236137.64
"Gambia, The",GMB,2013,2828.04
Georgia,GEO,2013,28224.0
Germany,DEU,2013,114150.0
Ghana,GHA,2013,79054.36
Gibraltar,GIB,2013,0.0
Greece,GRC,2013,39018.03
Greenland,GRL,2013,2.2
Grenada,GRD,2013,177.0
Guam,GUM,2013,246.0
Guatemala,GTM,2013,36405.2
Guinea,GIN,2013,64610.0
Guinea-Bissau,GNB,2013,20390.98
Guyana,GUY,2013,184847.4
Haiti,HTI,2013,3690.62
Honduras,HND,2013,65084.86
"Hong Kong SAR, China",HKG,2013,
Hungary,HUN,2013,20550.48
Iceland,ISL,2013,467.64
India,IND,2013,702952.0
Indonesia,IDN,2013,968804.2
"Iran, Islamic Rep.",IRN,2013,106919.8
Iraq,IRQ,2013,8250.0
Ireland,IRL,2013,7409.54
Isle of Man,IMN,2013,34.6
Israel,ISR,2013,1606.0
Italy,ITA,2013,91894.64
Jamaica,JAM,2013,5698.56
Japan,JPN,2013,249528.0
Jordan,JOR,2013,975.0
Kazakhstan,KAZ,2013,32179.455
Kenya,KEN,2013,35599.82
Kiribati,KIR,2013,11.8
"Korea, Dem. People's Rep.",PRK,2013,61787.0
"Korea, Rep.",KOR,2013,63570.0
Kosovo,XKX,2013,
Kuwait,KWT,2013,62.5
Kyrgyz Republic,KGZ,2013,12429.58
Lao PDR,LAO,2013,168370.0
Latvia,LVA,2013,33837.12
Lebanon,LBN,2013,1391.38
Lesotho,LSO,2013,345.2
Liberia,LBR,2013,78292.6
Libya,LBY,2013,2170.0
Liechtenstein,LIE,2013,66.997
Lithuania,LTU,2013,21802.0
Luxembourg,LUX,2013,887.0
"Macao SAR, China",MAC,2013,
Madagascar,MDG,2013,125223.26
Malawi,MWI,2013,25357.0
Malaysia,MYS,2013,192575.92
Maldives,MDV,2013,8.2
Mali,MLI,2013,132960.0
Malta,MLT,2013,3.5
Marshall Islands,MHL,2013,94.0
Mauritania,MRT,2013,3509.2
Mauritius,MUS,2013,383.36
Mexico,MEX,2013,665758.7
"Micronesia, Fed. Sts.",FSM,2013,642.14
Moldova,MDA,2013,3816.4
Monaco,MCO,2013,0.0
Mongolia,MNG,2013,141805.58
Montenegro,MNE,2013,8270.0
Morocco,MAR,2013,56806.42
Mozambique,MOZ,2013,383528.56
Myanmar,MMR,2013,305718.64
Namibia,NAM,2013,71359.66
Nauru,NRU,2013,0.0
Nepal,NPL,2013,59620.3
Netherlands,NLD,2013,3682.9
New Caledonia,NCL,2013,8387.2
New Zealand,NZL,2013,98472.14
Nicaragua,NIC,2013,40197.78
Niger,NER,2013,11666.4
Nigeria,NGA,2013,227700.62
North Macedonia,MKD,2013,9808.12
Northern Mariana Islands,MNP,2013,298.22
Norway,NOR,2013,121254.0
Oman,OMN,2013,30.0
Pakistan,PAK,2013,39970.52
Palau,PLW,2013,408.18
Panama,PAN,2013,42937.42
Papua New Guinea,PNG,2013,360862.066
Paraguay,PRY,2013,183274.48
Peru,PER,2013,735366.38
Philippines,PHL,2013,69443.78
Poland,POL,2013,93836.0
Portugal,PRT,2013,32880.0
Puerto Rico,PRI,2013,4929.08
Qatar,QAT,2013,0.0
Romania,ROU,2013,67465.76
Russian Federation,RUS,2013,8150125.16
Rwanda,RWA,2013,2680.0
Samoa,WSM,2013,1650.38
San Marino,SMR,2013,10.0
Sao Tome and Principe,STP,2013,562.4
Saudi Arabia,SAU,2013,9770.0
Senegal,SEN,2013,83481.6
Serbia,SRB,2013,27169.18
Seychelles,SYC,2013,337.0
Sierra Leone,SLE,2013,26729.82
Singapore,SGP,2013,169.79
Sint Maarten (Dutch part),SXM,2013,3.7
Slovak Republic,SVK,2013,19202.14
Slovenia,SVN,2013,12476.0
Solomon Islands,SLB,2013,25280.84
Somalia,SOM,2013,65172.5
South Africa,ZAF,2013,173048.9
South Sudan,SSD,2013,71570.0
Spain,ESP,2013,185488.44
Sri Lanka,LKA,2013,21187.4
St. Kitts and Nevis,KNA,2013,110.0
St. Lucia,LCA,2013,207.7
St. Martin (French part),MAF,2013,12.4
St. Vincent and the Grenadines,VCT,2013,285.4
Sudan,SDN,2013,195584.26
Suriname,SUR,2013,152709.46
Sweden,SWE,2013,280172.0
Switzerland,CHE,2013,12450.34
Syrian Arab Republic,SYR,2013,5100.8
Tajikistan,TJK,2013,4170.8
Tanzania,TZA,2013,488340.04
Thailand,THA,2013,200658.0
Timor-Leste,TLS,2013,9309.0
Togo,TGO,2013,12299.9
Tonga,TON,2013,89.5
Trinidad and Tobago,TTO,2013,2311.38
Tunisia,TUN,2013,6920.2
Turkiye,TUR,2013,214114.12
Turkmenistan,TKM,2013,41270.0
Turks and Caicos Islands,TCA,2013,105.2
Tuvalu,TUV,2013,10.0
Uganda,UGA,2013,26266.64
Ukraine,UKR,2013,96134.0
United Arab Emirates,ARE,2013,3173.0
United Kingdom,GBR,2013,31166.0
United States,USA,2013,3095450.0
Uruguay,URY,2013,18445.2
Uzbekistan,UZB,2013,34694.8
Vanuatu,VUT,2013,4423.0
"Venezuela, RB",VEN,2013,470118.0
Vietnam,VNM,2013,137923.4
Virgin Islands (U.S.),VIR,2013,188.68
West Bank and Gaza,PSE,2013,100.64
"Yemen, Rep.",YEM,2013,5490.0
Zambia,ZMB,2013,461314.6
Zimbabwe,ZWE,2013,177670.7
Africa Eastern and Southern,AFE,2013,4703021.74
Africa Western and Central,AFW,2013,1846256.64
Arab World,ARB,2013,384888.52
Caribbean small states,CSS,2013,365635.56
Central Europe and the Baltics,CEB,2013,376837.5
Early-demographic dividend,EAR,2013,7763226.134
East Asia & Pacific,EAS,2013,6563335.716
East Asia & Pacific (excluding high income),EAP,2013,4820444.966
East Asia & Pacific (IDA & IBRD countries),TEA,2013,4758657.966
Euro area,EMU,2013,1024078.29
Europe & Central Asia,ECS,2013,10533474.027
Europe & Central Asia (excluding high income),ECA,2013,8829806.32
Europe & Central Asia (IDA & IBRD countries),TEC,2013,9010320.08
European Union,EUU,2013,1575994.43
Fragile and conflict affected situations,FCS,2013,4890690.726
Heavily indebted poor countries (HIPC),HPC,2013,5489385.48
High income,HIC,2013,10460773.017
IBRD only,IBD,2013,24196355.38
IDA & IBRD total,IBT,2013,30887231.134
IDA blend,IDB,2013,1326040.006
IDA only,IDX,2013,5364835.748
IDA total,IDA,2013,6690875.754
Late-demographic dividend,LTE,2013,17553074.0
Latin America & Caribbean,LCN,2013,9514546.24
Latin America & Caribbean (excluding high income),LAC,2013,8612644.46
Latin America & the Caribbean (IDA & IBRD countries),TLA,2013,9473145.2
Least developed countries: UN classification,LDC,2013,5623823.468
Low & middle income,LMY,2013,29907767.274
Low income,LIC,2013,3134937.68
Lower middle income,LMC,2013,5996153.354
Middle East & North Africa,MEA,2013,228792.0
Middle East & North Africa (excluding high income),MNA,2013,214141.32
Middle East & North Africa (IDA & IBRD countries),TMN,2013,214040.68
Middle income,MIC,2013,26772829.594
North America,NAC,2013,6567443.1
Not classified,INX,2013,
OECD members,OED,2013,11597930.61
Other small states,OSS,2013,598568.44
Pacific island small states,PSS,2013,43542.52
Post-demographic dividend,PST,2013,10024250.34
Pre-demographic dividend,PRE,2013,5495392.64
Small states,SST,2013,1007746.52
South Asia,SAS,2013,881788.828
South Asia (IDA & IBRD),TSA,2013,881788.828
Sub-Saharan Africa,SSF,2013,6549278.38
Sub-Saharan Africa (excluding high income),SSA,2013,6548941.38
Sub-Saharan Africa (IDA & IBRD countries),TSS,2013,6549278.38
Upper middle income,UMC,2013,20776676.24
World,WLD,2013,40838658.291
Afghanistan,AFG,2014,12084.4
Albania,ALB,2014,7877.64
Algeria,DZA,2014,19484.0
American Samoa,ASM,2014,173.1
Andorra,AND,2014,160.0
Angola,AGO,2014,699377.52
Antigua and Barbuda,ATG,2014,85.16
Argentina,ARG,2014,293204.0
Armenia,ARM,2014,3297.28
Aruba,ABW,2014,4.2
Australia,AUS,2014,1323848.2
Austria,AUT,2014,38775.92
Azerbaijan,AZE,2014,10688.085
"Bahamas, The",BHS,2014,5098.6
Bahrain,BHR,2014,5.84
Bangladesh,BGD,2014,18843.884
Barbados,BRB,2014,63.0
Belarus,BLR,2014,86328.0
Belgium,BEL,2014,6894.14
Belize,BLZ,2014,13445.42
Benin,BEN,2014,34351.5
Bermuda,BMU,2014,10.0
Bhutan,BTN,2014,27132.02
Bolivia,BOL,2014,522389.78
Bosnia and Herzegovina,BIH,2014,21489.32
Botswana,BWA,2014,159645.0
Brazil,BRA,2014,5054239.8
British Virgin Islands,VGB,2014,36.24
Brunei Darussalam,BRN,2014,3800.0
Bulgaria,BGR,2014,38138.0
Burkina Faso,BFA,2014,65164.2
Burundi,BDI,2014,2625.0
Cabo Verde,CPV,2014,439.2
Cambodia,KHM,2014,91953.02
Cameroon,CMR,2014,206764.8
Canada,CAN,2014,3471570.1
Cayman Islands,CYM,2014,127.2
Central African Republic,CAF,2014,224830.0
Chad,TCD,2014,50180.0
Channel Islands,CHI,2014,10.2
Chile,CHL,2014,174219.16
China,CHN,2014,2083574.76
Colombia,COL,2014,602692.86
Comoros,COM,2014,355.48
"Congo, Dem. Rep.",COD,2014,1327634.96
"Congo, Rep.",COG,2014,220270.0
Costa Rica,CRI,2014,29366.64
Cote d'Ivoire,CIV,2014,35140.36
Croatia,HRV,2014,19216.0
Cuba,CUB,2014,31336.0
Curacao,CUW,2014,0.7
Cyprus,CYP,2014,1727.36
Czechia,CZE,2014,26661.88
Denmark,DNK,2014,6170.42
Djibouti,DJI,2014,56.0
Dominica,DMA,2014,478.7
Dominican Republic,DOM,2014,20975.44
Ecuador,ECU,2014,128609.82
"Egypt, Arab Rep.",EGY,2014,518.64
El Salvador,SLV,2014,6108.8
Equatorial Guinea,GNQ,2014,24985.78
Eritrea,ERI,2014,10742.2
Estonia,EST,2014,24040.12
Eswatini,SWZ,2014,4902.86
Ethiopia,ETH,2014,175065.0
Faroe Islands,FRO,2014,0.8
Fiji,FJI,2014,10999.44
Finland,FIN,2014,223756.0
France,FRA,2014,167526.0
French Polynesia,PYF,2014,1494.6
Gabon,GAB,2014,236018.82
"Gambia, The",GMB,2014,2770.72
Georgia,GEO,2014,28224.0
Germany,DEU,2014,114170.0
Ghana,GHA,2014,78929.38
Gibraltar,GIB,2014,0.0
Greece,GRC,2014,39018.03
Greenland,GRL,2014,2.2
Grenada,GRD,2014,177.0
Guam,GUM,2014,248.0
Guatemala,GTM,2014,36131.6
Guinea,GIN,2014,64250.0
Guinea-Bissau,GNB,2014,20306.54
Guyana,GUY,2014,184730.5
Haiti,HTI,2014,3659.56
Honduras,HND,2014,64861.58
"Hong Kong SAR, China",HKG,2014,
Hungary,HUN,2014,20579.34
Iceland,ISL,2014,474.62
India,IND,2014,705616.0
Indonesia,IDN,2014,959541.6
"Iran, Islamic Rep.",IRN,2014,106919.8
Iraq,IRQ,2014,8250.0
Ireland,IRL,2014,7478.12
Isle of Man,IMN,2014,34.6
Israel,ISR,2014,1628.0
Italy,ITA,2014,92432.72
Jamaica,JAM,2014,5736.58
Japan,JPN,2014,249484.0
Jordan,JOR,2014,975.0
Kazakhstan,KAZ,2014,32632.009
Kenya,KEN,2014,35411.96
Kiribati,KIR,2014,11.8
"Korea, Dem. People's Rep.",PRK,2014,61574.7
"Korea, Rep.",KOR,2014,63470.0
Kosovo,XKX,2014,
Kuwait,KWT,2014,62.5
Kyrgyz Republic,KGZ,2014,12473.84
Lao PDR,LAO,2014,168025.0
Latvia,LVA,2014,33875.76
Lebanon,LBN,2014,1397.34
Lesotho,LSO,2014,345.2
Liberia,LBR,2014,77990.0
Libya,LBY,2014,2170.0
Liechtenstein,LIE,2014,66.998
Lithuania,LTU,2014,21836.0
Luxembourg,LUX,2014,887.0
"Macao SAR, China",MAC,2014,
Madagascar,MDG,2014,125091.08
Malawi,MWI,2014,24937.0
Malaysia,MYS,2014,193609.06
Maldives,MDV,2014,8.2
Mali,MLI,2014,132960.0
Malta,MLT,2014,3.5
Marshall Islands,MHL,2014,94.0
Mauritania,MRT,2014,3454.8
Mauritius,MUS,2014,383.18
Mexico,MEX,2014,664533.9
"Micronesia, Fed. Sts.",FSM,2014,642.42
Moldova,MDA,2014,3840.2
Monaco,MCO,2014,0.0
Mongolia,MNG,2014,141794.44
Montenegro,MNE,2014,8270.0
Morocco,MAR,2014,56826.66
Mozambique,MOZ,2014,381464.28
Myanmar,MMR,2014,302821.52
Namibia,NAM,2014,70649.58
Nauru,NRU,2014,0.0
Nepal,NPL,2014,59620.3
Netherlands,NLD,2014,3665.6
New Caledonia,NCL,2014,8386.2
New Zealand,NZL,2014,98469.12
Nicaragua,NIC,2014,39636.54
Niger,NER,2014,11542.2
Nigeria,NGA,2014,226067.56
North Macedonia,MKD,2014,9876.06
Northern Mariana Islands,MNP,2014,296.56
Norway,NOR,2014,121332.0
Oman,OMN,2014,30.0
Pakistan,PAK,2014,39648.26
Palau,PLW,2014,409.04
Panama,PAN,2014,42823.26
Papua New Guinea,PNG,2014,360553.138
Paraguay,PRY,2014,179131.94
Peru,PER,2014,733655.84
Philippines,PHL,2014,69792.64
Poland,POL,2014,94018.0
Portugal,PRT,2014,33000.0
Puerto Rico,PRI,2014,4933.94
Qatar,QAT,2014,0.0
Romania,ROU,2014,68237.68
Russian Federation,RUS,2014,8149714.88
Rwanda,RWA,2014,2690.0
Samoa,WSM,2014,1645.54
San Marino,SMR,2014,10.0
Sao Tome and Principe,STP,2014,556.2
Saudi Arabia,SAU,2014,9770.0
Senegal,SEN,2014,83081.6
Serbia,SRB,2014,27182.24
Seychelles,SYC,2014,337.0
Sierra Leone,SLE,2014,26532.56
Singapore,SGP,2014,167.252
Sint Maarten (Dutch part),SXM,2014,3.7
Slovak Republic,SVK,2014,19209.82
Slovenia,SVN,2014,12478.0
Solomon Islands,SLB,2014,25273.52
Somalia,SOM,2014,64405.0
South Africa,ZAF,2014,172684.9
South Sudan,SSD,2014,71570.0
Spain,ESP,2014,185500.12
Sri Lanka,LKA,2014,21237.8
St. Kitts and Nevis,KNA,2014,110.0
St. Lucia,LCA,2014,207.7
St. Martin (French part),MAF,2014,12.4
St. Vincent and the Grenadines,VCT,2014,285.4
Sudan,SDN,2014,193841.78
Suriname,SUR,2014,152613.08
Sweden,SWE,2014,279986.0
Switzerland,CHE,2014,12484.72
Syrian Arab Republic,SYR,2014,5160.8
Tajikistan,TJK,2014,4194.4
Tanzania,TZA,2014,484620.02
Thailand,THA,2014,200634.0
Timor-Leste,TLS,2014,9295.0
Togo,TGO,2014,12270.3
Tonga,TON,2014,89.5
Trinidad and Tobago,TTO,2014,2307.14
Tunisia,TUN,2014,6935.5
Turkiye,TUR,2014,215208.56
Turkmenistan,TKM,2014,41270.0
Turks and Caicos Islands,TCA,2014,105.2
Tuvalu,TUV,2014,10.0
Uganda,UGA,2014,25854.12
Ukraine,UKR,2014,96352.0
United Arab Emirates,ARE,2014,3173.0
United Kingdom,GBR,2014,31358.0
United States,USA,2014,3098200.0
Uruguay,URY,2014,18822.6
Uzbekistan,UZB,2014,35094.4
Vanuatu,VUT,2014,4423.0
"Venezuela, RB",VEN,2014,468474.0
Vietnam,VNM,2014,139271.0
Virgin Islands (U.S.),VIR,2014,190.14
West Bank and Gaza,PSE,2014,101.02
"Yemen, Rep.",YEM,2014,5490.0
Zambia,ZMB,2014,459432.8
Zimbabwe,ZWE,2014,177210.0
Africa Eastern and Southern,AFE,2014,4671832.12
Africa Western and Central,AFW,2014,1838300.32
Arab World,ARB,2014,382463.36
Caribbean small states,CSS,2014,365338.28
Central Europe and the Baltics,CEB,2014,378290.6
Early-demographic dividend,EAR,2014,7732699.322
East Asia & Pacific,EAS,2014,6575875.17
East Asia & Pacific (excluding high income),EAP,2014,4826038.138
East Asia & Pacific (IDA & IBRD countries),TEA,2014,4764463.438
Euro area,EMU,2014,1026274.21
Europe & Central Asia,ECS,2014,10539225.082
Europe & Central Asia (excluding high income),ECA,2014,8832150.914
Europe & Central Asia (IDA & IBRD countries),TEC,2014,9013622.594
European Union,EUU,2014,1579281.53
Fragile and conflict affected situations,FCS,2014,4864827.718
Heavily indebted poor countries (HIPC),HPC,2014,5457466.24
High income,HIC,2014,10475374.28
IBRD only,IBD,2014,24178240.894
IDA & IBRD total,IBT,2014,30830306.876
IDA blend,IDB,2014,1322902.558
IDA only,IDX,2014,5329163.424
IDA total,IDA,2014,6652065.982
Late-demographic dividend,LTE,2014,17561742.154
Latin America & Caribbean,LCN,2014,9485625.12
Latin America & Caribbean (excluding high income),LAC,2014,8583477.98
Latin America & the Caribbean (IDA & IBRD countries),TLA,2014,9443713.8
Least developed countries: UN classification,LDC,2014,5584568.084
Low & middle income,LMY,2014,29849938.096
Low income,LIC,2014,3114776.84
Lower middle income,LMC,2014,5974336.582
Middle East & North Africa,MEA,2014,228957.6
Middle East & North Africa (excluding high income),MNA,2014,214284.76
Middle East & North Africa (IDA & IBRD countries),TMN,2014,214183.74
Middle income,MIC,2014,26735161.256
North America,NAC,2014,6569780.1
Not classified,INX,2014,
OECD members,OED,2014,11610298.87
Other small states,OSS,2014,596518.22
Pacific island small states,PSS,2014,43598.26
Post-demographic dividend,PST,2014,10036731.542
Pre-demographic dividend,PRE,2014,5459905.52
Small states,SST,2014,1005454.76
South Asia,SAS,2014,884190.864
South Asia (IDA & IBRD),TSA,2014,884190.864
Sub-Saharan Africa,SSF,2014,6510132.44
Sub-Saharan Africa (excluding high income),SSA,2014,6509795.44
Sub-Saharan Africa (IDA & IBRD countries),TSS,2014,6510132.44
Upper middle income,UMC,2014,20760824.674
World,WLD,2014,40793786.376
Afghanistan,AFG,2015,12084.4
Albania,ALB,2015,7891.875
Algeria,DZA,2015,19560.0
American Samoa,ASM,2015,172.8
Andorra,AND,2015,160.0
Angola,AGO,2015,693826.9
Antigua and Barbuda,ATG,2015,84.5
Argentina,ARG,2015,290970.0
Armenia,ARM,2015,3295.2
Aruba,ABW,2015,4.2
Australia,AUS,2015,1330945.0
Austria,AUT,2015,38811.9
Azerbaijan,AZE,2015,10778.87
"Bahamas, The",BHS,2015,5098.6
Bahrain,BHR,2015,6.0
Bangladesh,BGD,2015,18834.0
Barbados,BRB,2015,63.0
Belarus,BLR,2015,86335.0
Belgium,BEL,2015,6893.0
Belize,BLZ,2015,13328.3
Benin,BEN,2015,33851.5
Bermuda,BMU,2015,10.0
Bhutan,BTN,2015,27151.8
Bolivia,BOL,2015,520272.2
Bosnia and Herzegovina,BIH,2015,21605.0
Botswana,BWA,2015,158462.0
Brazil,BRA,2015,5038848.0
British Virgin Islands,VGB,2015,36.2
Brunei Darussalam,BRN,2015,3800.0
Bulgaria,BGR,2015,38330.0
Burkina Faso,BFA,2015,64664.0
Burundi,BDI,2015,2796.4
Cabo Verde,CPV,2015,442.2
Cambodia,KHM,2015,88468.2
Cameroon,CMR,2015,206204.8
Canada,CAN,2015,3471157.1
Cayman Islands,CYM,2015,127.2
Central African Republic,CAF,2015,224530.0
Chad,TCD,2015,48900.0
Channel Islands,CHI,2015,10.2
Chile,CHL,2015,175960.8
China,CHN,2015,2102942.5
Colombia,COL,2015,601346.6
Comoros,COM,2015,351.1
"Congo, Dem. Rep.",COD,2015,1316621.2
"Congo, Rep.",COG,2015,220150.0
Costa Rica,CRI,2015,29530.3
Cote d'Ivoire,CIV,2015,34011.5
Croatia,HRV,2015,19220.0
Cuba,CUB,2015,31840.0
Curacao,CUW,2015,0.7
Cyprus,CYP,2015,1727.1
Czechia,CZE,2015,26683.9
Denmark,DNK,2015,6246.8
Djibouti,DJI,2015,56.0
Dominica,DMA,2015,478.7
Dominican Republic,DOM,2015,21036.5
Ecuador,ECU,2015,128191.8
"Egypt, Arab Rep.",EGY,2015,484.2
El Salvador,SLV,2015,6063.8
Equatorial Guinea,GNQ,2015,24902.2
Eritrea,ERI,2015,10710.6
Estonia,EST,2015,24210.1
Eswatini,SWZ,2015,4915.0
Ethiopia,ETH,2015,174335.0
Faroe Islands,FRO,2015,0.8
Fiji,FJI,2015,11066.2
Finland,FIN,2015,224090.0
France,FRA,2015,168360.0
French Polynesia,PYF,2015,1494.6
Gabon,GAB,2015,235900.0
"Gambia, The",GMB,2015,2713.4
Georgia,GEO,2015,28224.0
Germany,DEU,2015,114190.0
Ghana,GHA,2015,78804.4
Gibraltar,GIB,2015,0.0
Greece,GRC,2015,39018.03
Greenland,GRL,2015,2.2
Grenada,GRD,2015,177.0
Guam,GUM,2015,250.0
Guatemala,GTM,2015,35858.0
Guinea,GIN,2015,63890.0
Guinea-Bissau,GNB,2015,20222.1
Guyana,GUY,2015,184613.6
Haiti,HTI,2015,3628.5
Honduras,HND,2015,64638.3
"Hong Kong SAR, China",HKG,2015,
Hungary,HUN,2015,20608.2
Iceland,ISL,2015,481.6
India,IND,2015,708280.0
Indonesia,IDN,2015,950279.0
"Iran, Islamic Rep.",IRN,2015,106919.8
Iraq,IRQ,2015,8250.0
Ireland,IRL,2015,7546.7
Isle of Man,IMN,2015,34.6
Israel,ISR,2015,1650.0
Italy,ITA,2015,92970.8
Jamaica,JAM,2015,5774.6
Japan,JPN,2015,249440.0
Jordan,JOR,2015,975.0
Kazakhstan,KAZ,2015,33084.562
Kenya,KEN,2015,35224.1
Kiribati,KIR,2015,11.8
"Korea, Dem. People's Rep.",PRK,2015,61362.4
"Korea, Rep.",KOR,2015,63370.0
Kosovo,XKX,2015,
Kuwait,KWT,2015,62.5
Kyrgyz Republic,KGZ,2015,12518.1
Lao PDR,LAO,2015,167680.0
Latvia,LVA,2015,33914.4
Lebanon,LBN,2015,1403.3
Lesotho,LSO,2015,345.2
Liberia,LBR,2015,77687.4
Libya,LBY,2015,2170.0
Liechtenstein,LIE,2015,67.0
Lithuania,LTU,2015,21870.0
Luxembourg,LUX,2015,887.0
"Macao SAR, China",MAC,2015,
Madagascar,MDG,2015,124958.9
Malawi,MWI,2015,24517.0
Malaysia,MYS,2015,194642.2
Maldives,MDV,2015,8.2
Mali,MLI,2015,132960.0
Malta,MLT,2015,3.5
Marshall Islands,MHL,2015,94.0
Mauritania,MRT,2015,3400.4
Mauritius,MUS,2015,383.0
Mexico,MEX,2015,663309.1
"Micronesia, Fed. Sts.",FSM,2015,642.7
Moldova,MDA,2015,3864.0
Monaco,MCO,2015,0.0
Mongolia,MNG,2015,141783.3
Montenegro,MNE,2015,8270.0
Morocco,MAR,2015,56846.9
Mozambique,MOZ,2015,379400.0
Myanmar,MMR,2015,299924.4
Namibia,NAM,2015,69939.5
Nauru,NRU,2015,0.0
Nepal,NPL,2015,59620.3
Netherlands,NLD,2015,3648.3
New Caledonia,NCL,2015,8385.2
New Zealand,NZL,2015,98466.1
Nicaragua,NIC,2015,39075.3
Niger,NER,2015,11418.0
Nigeria,NGA,2015,224434.5
North Macedonia,MKD,2015,9944.0
Northern Mariana Islands,MNP,2015,294.9
Norway,NOR,2015,121410.0
Oman,OMN,2015,30.0
Pakistan,PAK,2015,39326.0
Palau,PLW,2015,409.9
Panama,PAN,2015,42709.1
Papua New Guinea,PNG,2015,360244.209
Paraguay,PRY,2015,174989.4
Peru,PER,2015,731945.3
Philippines,PHL,2015,70141.5
Poland,POL,2015,94200.0
Portugal,PRT,2015,33120.0
Puerto Rico,PRI,2015,4938.8
Qatar,QAT,2015,0.0
Romania,ROU,2015,69009.6
Russian Federation,RUS,2015,8149304.6
Rwanda,RWA,2015,2700.0
Samoa,WSM,2015,1640.7
San Marino,SMR,2015,10.0
Sao Tome and Principe,STP,2015,550.0
Saudi Arabia,SAU,2015,9770.0
Senegal,SEN,2015,82681.6
Serbia,SRB,2015,27195.3
Seychelles,SYC,2015,337.0
Sierra Leone,SLE,2015,26335.3
Singapore,SGP,2015,164.714
Sint Maarten (Dutch part),SXM,2015,3.7
Slovak Republic,SVK,2015,19217.5
Slovenia,SVN,2015,12480.0
Solomon Islands,SLB,2015,25266.2
Somalia,SOM,2015,63637.5
South Africa,ZAF,2015,172320.9
South Sudan,SSD,2015,71570.0
Spain,ESP,2015,185511.8
Sri Lanka,LKA,2015,21288.2
St. Kitts and Nevis,KNA,2015,110.0
St. Lucia,LCA,2015,207.7
St. Martin (French part),MAF,2015,12.4
St. Vincent and the Grenadines,VCT,2015,285.4
Sudan,SDN,2015,192099.3
Suriname,SUR,2015,152516.7
Sweden,SWE,2015,279800.0
Switzerland,CHE,2015,12519.1
Syrian Arab Republic,SYR,2015,5220.8
Tajikistan,TJK,2015,4218.0
Tanzania,TZA,2015,480900.0
Thailand,THA,2015,200610.0
Timor-Leste,TLS,2015,9281.0
Togo,TGO,2015,12240.7
Tonga,TON,2015,89.5
Trinidad and Tobago,TTO,2015,2302.9
Tunisia,TUN,2015,6950.8
Turkiye,TUR,2015,216303.0
Turkmenistan,TKM,2015,41270.0
Turks and Caicos Islands,TCA,2015,105.2
Tuvalu,TUV,2015,10.0
Uganda,UGA,2015,25441.6
Ukraine,UKR,2015,96570.0
United Arab Emirates,ARE,2015,3173.0
United Kingdom,GBR,2015,31550.0
United States,USA,2015,3100950.0
Uruguay,URY,2015,19200.0
Uzbekistan,UZB,2015,35494.0
Vanuatu,VUT,2015,4423.0
"Venezuela, RB",VEN,2015,466830.0
Vietnam,VNM,2015,140618.6
Virgin Islands (U.S.),VIR,2015,191.6
West Bank and Gaza,PSE,2015,101.4
"Yemen, Rep.",YEM,2015,5490.0
Zambia,ZMB,2015,457551.0
Zimbabwe,ZWE,2015,176749.3
Africa Eastern and Southern,AFE,2015,4640642.5
Africa Western and Central,AFW,2015,1830344.0
Arab World,ARB,2015,380038.2
Caribbean small states,CSS,2015,365041.0
Central Europe and the Baltics,CEB,2015,379743.7
Early-demographic dividend,EAR,2015,7702172.509
East Asia & Pacific,EAS,2015,6588414.623
East Asia & Pacific (excluding high income),EAP,2015,4831631.309
East Asia & Pacific (IDA & IBRD countries),TEA,2015,4770268.909
Euro area,EMU,2015,1028470.13
Europe & Central Asia,ECS,2015,10544976.137
Europe & Central Asia (excluding high income),ECA,2015,8834495.507
Europe & Central Asia (IDA & IBRD countries),TEC,2015,9016925.107
European Union,EUU,2015,1582568.63
Fragile and conflict affected situations,FCS,2015,4838964.709
Heavily indebted poor countries (HIPC),HPC,2015,5425547.0
High income,HIC,2015,10489975.544
IBRD only,IBD,2015,24160126.407
IDA & IBRD total,IBT,2015,30773382.616
IDA blend,IDB,2015,1319765.109
IDA only,IDX,2015,5293491.1
IDA total,IDA,2015,6613256.209
Late-demographic dividend,LTE,2015,17570410.307
Latin America & Caribbean,LCN,2015,9456704.0
Latin America & Caribbean (excluding high income),LAC,2015,8554311.5
Latin America & the Caribbean (IDA & IBRD countries),TLA,2015,9414282.4
Least developed countries: UN classification,LDC,2015,5545312.7
Low & middle income,LMY,2015,29792108.916
Low income,LIC,2015,3094616.0
Lower middle income,LMC,2015,5952519.809
Middle East & North Africa,MEA,2015,229123.2
Middle East & North Africa (excluding high income),MNA,2015,214428.2
Middle East & North Africa (IDA & IBRD countries),TMN,2015,214326.8
Middle income,MIC,2015,26697492.916
North America,NAC,2015,6572117.1
Not classified,INX,2015,
OECD members,OED,2015,11622667.13
Other small states,OSS,2015,594468.0
Pacific island small states,PSS,2015,43654.0
Post-demographic dividend,PST,2015,10049212.744
Pre-demographic dividend,PRE,2015,5424418.4
Small states,SST,2015,1003163.0
South Asia,SAS,2015,886592.9
South Asia (IDA & IBRD),TSA,2015,886592.9
Sub-Saharan Africa,SSF,2015,6470986.5
Sub-Saharan Africa (excluding high income),SSA,2015,6470649.5
Sub-Saharan Africa (IDA & IBRD countries),TSS,2015,6470986.5
Upper middle income,UMC,2015,20744973.107
World,WLD,2015,40748914.46
Afghanistan,AFG,2016,12084.4
Albania,ALB,2016,7891.8
Algeria,DZA,2016,19560.0
American Samoa,ASM,2016,172.5
Andorra,AND,2016,160.0
Angola,AGO,2016,688276.2
Antigua and Barbuda,ATG,2016,83.8
Argentina,ARG,2016,290100.0
Armenia,ARM,2016,3293.1
Aruba,ABW,2016,4.2
Australia,AUS,2016,1340372.0
Austria,AUT,2016,38847.9
Azerbaijan,AZE,2016,10874.752
"Bahamas, The",BHS,2016,5098.6
Bahrain,BHR,2016,6.2
Bangladesh,BGD,2016,18834.0
Barbados,BRB,2016,63.0
Belarus,BLR,2016,87096.0
Belgium,BEL,2016,6893.0
Belize,BLZ,2016,13216.8
Benin,BEN,2016,33351.5
Bermuda,BMU,2016,10.0
Bhutan,BTN,2016,27171.6
Bolivia,BOL,2016,517506.8
Bosnia and Herzegovina,BIH,2016,21765.1
Botswana,BWA,2016,157279.0
Brazil,BRA,2016,5020821.0
British Virgin Islands,VGB,2016,36.2
Brunei Darussalam,BRN,2016,3800.0
Bulgaria,BGR,2016,38410.0
Burkina Faso,BFA,2016,64164.0
Burundi,BDI,2016,2796.4
Cabo Verde,CPV,2016,445.2
Cambodia,KHM,2016,86911.3
Cameroon,CMR,2016,205644.8
Canada,CAN,2016,3470760.4
Cayman Islands,CYM,2016,127.2
Central African Republic,CAF,2016,224230.0
Chad,TCD,2016,47690.0
Channel Islands,CHI,2016,10.2
Chile,CHL,2016,177190.1
China,CHN,2016,2124598.67
Colombia,COL,2016,599594.9
Comoros,COM,2016,346.7
"Congo, Dem. Rep.",COD,2016,1305607.4
"Congo, Rep.",COG,2016,220030.0
Costa Rica,CRI,2016,29694.0
Cote d'Ivoire,CIV,2016,32882.6
Croatia,HRV,2016,19241.202
Cuba,CUB,2016,32410.0
Curacao,CUW,2016,0.7
Cyprus,CYP,2016,1726.1
Czechia,CZE,2016,26698.5
Denmark,DNK,2016,6246.6
Djibouti,DJI,2016,56.0
Dominica,DMA,2016,478.7
Dominican Republic,DOM,2016,21117.4
Ecuador,ECU,2016,127549.1
"Egypt, Arab Rep.",EGY,2016,449.8
El Salvador,SLV,2016,6018.8
Equatorial Guinea,GNQ,2016,24818.6
Eritrea,ERI,2016,10679.0
Estonia,EST,2016,24212.5
Eswatini,SWZ,2016,4927.2
Ethiopia,ETH,2016,173605.0
Faroe Islands,FRO,2016,0.8
Fiji,FJI,2016,11133.0
Finland,FIN,2016,224090.0
France,FRA,2016,169194.0
French Polynesia,PYF,2016,1494.6
Gabon,GAB,2016,235781.2
"Gambia, The",GMB,2016,2656.0
Georgia,GEO,2016,28224.0
Germany,DEU,2016,114190.0
Ghana,GHA,2016,79222.4
Gibraltar,GIB,2016,0.0
Greece,GRC,2016,39018.0
Greenland,GRL,2016,2.2
Grenada,GRD,2016,177.0
Guam,GUM,2016,280.0
Guatemala,GTM,2016,35742.0
Guinea,GIN,2016,63490.0
Guinea-Bissau,GNB,2016,20137.7
Guyana,GUY,2016,184521.6
Haiti,HTI,2016,3597.4
Honduras,HND,2016,64430.5
"Hong Kong SAR, China",HKG,2016,
Hungary,HUN,2016,20587.3
Iceland,ISL,2016,486.6
India,IND,2016,710944.0
Indonesia,IDN,2016,952718.0
"Iran, Islamic Rep.",IRN,2016,107020.8
Iraq,IRQ,2016,8250.0
Ireland,IRL,2016,7623.5
Isle of Man,IMN,2016,34.6
Israel,ISR,2016,1400.0
Italy,ITA,2016,93508.9
Jamaica,JAM,2016,5813.4
Japan,JPN,2016,249400.0
Jordan,JOR,2016,975.0
Kazakhstan,KAZ,2016,33377.1
Kenya,KEN,2016,35519.7
Kiribati,KIR,2016,11.8
"Korea, Dem. People's Rep.",PRK,2016,61150.1
"Korea, Rep.",KOR,2016,63250.0
Kosovo,XKX,2016,
Kuwait,KWT,2016,62.5
Kyrgyz Republic,KGZ,2016,12562.4
Lao PDR,LAO,2016,167335.0
Latvia,LVA,2016,33953.1
Lebanon,LBN,2016,1409.3
Lesotho,LSO,2016,345.2
Liberia,LBR,2016,77384.8
Libya,LBY,2016,2170.0
Liechtenstein,LIE,2016,67.0
Lithuania,LTU,2016,21900.0
Luxembourg,LUX,2016,887.0
"Macao SAR, China",MAC,2016,
Madagascar,MDG,2016,124826.8
Malawi,MWI,2016,24097.0
Malaysia,MYS,2016,193146.4
Maldives,MDV,2016,8.2
Mali,MLI,2016,132960.0
Malta,MLT,2016,3.8
Marshall Islands,MHL,2016,94.0
Mauritania,MRT,2016,3346.0
Mauritius,MUS,2016,382.9
Mexico,MEX,2016,662031.5
"Micronesia, Fed. Sts.",FSM,2016,643.0
Moldova,MDA,2016,3865.0
Monaco,MCO,2016,0.0
Mongolia,MNG,2016,141772.2
Montenegro,MNE,2016,8270.0
Morocco,MAR,2016,56997.9
Mozambique,MOZ,2016,376282.9
Myanmar,MMR,2016,297027.3
Namibia,NAM,2016,69229.4
Nauru,NRU,2016,0.0
Nepal,NPL,2016,59620.3
Netherlands,NLD,2016,3657.6
New Caledonia,NCL,2016,8384.2
New Zealand,NZL,2016,98467.5
Nicaragua,NIC,2016,38075.3
Niger,NER,2016,11293.8
Nigeria,NGA,2016,222801.479
North Macedonia,MKD,2016,10016.7
Northern Mariana Islands,MNP,2016,243.6
Norway,NOR,2016,121488.0
Oman,OMN,2016,28.0
Pakistan,PAK,2016,38682.4
Palau,PLW,2016,410.8
Panama,PAN,2016,42595.0
Papua New Guinea,PNG,2016,359898.8
Paraguay,PRY,2016,173331.3
Peru,PER,2016,730102.8
Philippines,PHL,2016,70490.4
Poland,POL,2016,94350.0
Portugal,PRT,2016,33120.0
Puerto Rico,PRI,2016,4943.7
Qatar,QAT,2016,0.0
Romania,ROU,2016,69290.5
Russian Federation,RUS,2016,8151210.3
Rwanda,RWA,2016,2720.0
Samoa,WSM,2016,1635.9
San Marino,SMR,2016,10.0
Sao Tome and Principe,STP,2016,543.8
Saudi Arabia,SAU,2016,9770.0
Senegal,SEN,2016,82281.6
Serbia,SRB,2016,27201.8
Seychelles,SYC,2016,337.0
Sierra Leone,SLE,2016,26138.0
Singapore,SGP,2016,162.855
Sint Maarten (Dutch part),SXM,2016,3.7
Slovak Republic,SVK,2016,19233.7
Slovenia,SVN,2016,12459.7
Solomon Islands,SLB,2016,25258.9
Somalia,SOM,2016,62870.0
South Africa,ZAF,2016,171956.9
South Sudan,SSD,2016,71570.0
Spain,ESP,2016,185552.4
Sri Lanka,LKA,2016,21256.6
St. Kitts and Nevis,KNA,2016,110.0
St. Lucia,LCA,2016,207.7
St. Martin (French part),MAF,2016,12.4
St. Vincent and the Grenadines,VCT,2016,285.4
Sudan,SDN,2016,190481.9
Suriname,SUR,2016,152403.2
Sweden,SWE,2016,279800.0
Switzerland,CHE,2016,12553.5
Syrian Arab Republic,SYR,2016,5220.8
Tajikistan,TJK,2016,4218.0
Tanzania,TZA,2016,476210.0
Thailand,THA,2016,200170.0
Timor-Leste,TLS,2016,9267.0
Togo,TGO,2016,12211.1
Tonga,TON,2016,89.5
Trinidad and Tobago,TTO,2016,2298.7
Tunisia,TUN,2016,6966.1
Turkiye,TUR,2016,216303.0
Turkmenistan,TKM,2016,41270.0
Turks and Caicos Islands,TCA,2016,105.2
Tuvalu,TUV,2016,10.0
Uganda,UGA,2016,25029.1
Ukraine,UKR,2016,96640.0
United Arab Emirates,ARE,2016,3173.0
United Kingdom,GBR,2016,31590.0
United States,USA,2016,3100950.0
Uruguay,URY,2016,19470.0
Uzbekistan,UZB,2016,35863.0
Vanuatu,VUT,2016,4423.0
"Venezuela, RB",VEN,2016,465432.6
Vietnam,VNM,2016,143776.8
Virgin Islands (U.S.),VIR,2016,193.1
West Bank and Gaza,PSE,2016,101.4
"Yemen, Rep.",YEM,2016,5490.0
Zambia,ZMB,2016,455668.0
Zimbabwe,ZWE,2016,176288.6
Africa Eastern and Southern,AFE,2016,4607876.1
Africa Western and Central,AFW,2016,1822960.779
Arab World,ARB,2016,377730.6
Caribbean small states,CSS,2016,364757.9
Central Europe and the Baltics,CEB,2016,380336.502
Early-demographic dividend,EAR,2016,7686805.0
East Asia & Pacific,EAS,2016,6617999.125
East Asia & Pacific (excluding high income),EAP,2016,4851971.87
East Asia & Pacific (IDA & IBRD countries),TEA,2016,4790821.77
Euro area,EMU,2016,1030071.2
Europe & Central Asia,ECS,2016,10551036.454
Europe & Central Asia (excluding high income),ECA,2016,8838352.052
Europe & Central Asia (IDA & IBRD countries),TEC,2016,9021233.754
European Union,EUU,2016,1584695.302
Fragile and conflict affected situations,FCS,2016,4812074.579
Heavily indebted poor countries (HIPC),HPC,2016,5391094.3
High income,HIC,2016,10502069.757
IBRD only,IBD,2016,24155628.124
IDA & IBRD total,IBT,2016,30730056.403
IDA blend,IDB,2016,1316722.779
IDA only,IDX,2016,5257705.5
IDA total,IDA,2016,6574428.279
Late-demographic dividend,LTE,2016,17578118.622
Latin America & Caribbean,LCN,2016,9426994.8
Latin America & Caribbean (excluding high income),LAC,2016,8524705.0
Latin America & the Caribbean (IDA & IBRD countries),TLA,2016,9383996.8
Least developed countries: UN classification,LDC,2016,5505964.9
Low & middle income,LMY,2016,29748797.401
Low income,LIC,2016,3073376.2
Lower middle income,LMC,2016,5932909.579
Middle East & North Africa,MEA,2016,229110.6
Middle East & North Africa (excluding high income),MNA,2016,214667.1
Middle East & North Africa (IDA & IBRD countries),TMN,2016,214565.7
Middle income,MIC,2016,26675421.201
North America,NAC,2016,6571720.4
Not classified,INX,2016,
OECD members,OED,2016,11631555.2
Other small states,OSS,2016,592247.9
Pacific island small states,PSS,2016,43709.9
Post-demographic dividend,PST,2016,10061358.057
Pre-demographic dividend,PRE,2016,5387374.479
Small states,SST,2016,1000715.7
South Asia,SAS,2016,888601.5
South Asia (IDA & IBRD),TSA,2016,888601.5
Sub-Saharan Africa,SSF,2016,6430836.879
Sub-Saharan Africa (excluding high income),SSA,2016,6430499.879
Sub-Saharan Africa (IDA & IBRD countries),TSS,2016,6430836.879
Upper middle income,UMC,2016,20742511.622
World,WLD,2016,40716299.758
Afghanistan,AFG,2017,12084.4
Albania,ALB,2017,7889.025
Algeria,DZA,2017,19430.0
American Samoa,ASM,2017,172.2
Andorra,AND,2017,160.0
Angola,AGO,2017,682725.7
Antigua and Barbuda,ATG,2017,83.2
Argentina,ARG,2017,288990.0
Armenia,ARM,2017,3291.0
Aruba,ABW,2017,4.2
Australia,AUS,2017,1340174.0
Austria,AUT,2017,38883.8
Azerbaijan,AZE,2017,10971.848
"Bahamas, The",BHS,2017,5098.6
Bahrain,BHR,2017,6.4
Bangladesh,BGD,2017,18834.0
Barbados,BRB,2017,63.0
Belarus,BLR,2017,87241.0
Belgium,BEL,2017,6893.0
Belize,BLZ,2017,13105.2
Benin,BEN,2017,32851.5
Bermuda,BMU,2017,10.0
Bhutan,BTN,2017,27191.4
Bolivia,BOL,2017,514922.2
Bosnia and Herzegovina,BIH,2017,21879.1
Botswana,BWA,2017,156096.0
Brazil,BRA,2017,5000916.0
British Virgin Islands,VGB,2017,36.2
Brunei Darussalam,BRN,2017,3800.0
Bulgaria,BGR,2017,38540.0
Burkina Faso,BFA,2017,63664.0
Burundi,BDI,2017,2796.4
Cabo Verde,CPV,2017,448.2
Cambodia,KHM,2017,85354.4
Cameroon,CMR,2017,205084.8
Canada,CAN,2017,3470390.5
Cayman Islands,CYM,2017,127.2
Central African Republic,CAF,2017,223930.0
Chad,TCD,2017,46510.0
Channel Islands,CHI,2017,10.2
Chile,CHL,2017,178419.4
China,CHN,2017,2143394.7
Colombia,COL,2017,597397.7
Comoros,COM,2017,342.3
"Congo, Dem. Rep.",COD,2017,1294593.7
"Congo, Rep.",COG,2017,219910.0
Costa Rica,CRI,2017,29857.7
Cote d'Ivoire,CIV,2017,31753.7
Croatia,HRV,2017,19316.084
Cuba,CUB,2017,32420.0
Curacao,CUW,2017,0.7
Cyprus,CYP,2017,1725.9
Czechia,CZE,2017,26716.6
Denmark,DNK,2017,6256.0
Djibouti,DJI,2017,56.1
Dominica,DMA,2017,478.7
Dominican Republic,DOM,2017,21198.3
Ecuador,ECU,2017,126906.4
"Egypt, Arab Rep.",EGY,2017,449.8
El Salvador,SLV,2017,5973.8
Equatorial Guinea,GNQ,2017,24735.0
Eritrea,ERI,2017,10647.4
Estonia,EST,2017,24384.0
Eswatini,SWZ,2017,4939.3
Ethiopia,ETH,2017,172875.0
Faroe Islands,FRO,2017,0.8
Fiji,FJI,2017,11199.8
Finland,FIN,2017,224090.0
France,FRA,2017,170028.0
French Polynesia,PYF,2017,1494.6
Gabon,GAB,2017,235662.4
"Gambia, The",GMB,2017,2598.7
Georgia,GEO,2017,28224.0
Germany,DEU,2017,114190.0
Ghana,GHA,2017,79640.4
Gibraltar,GIB,2017,0.0
Greece,GRC,2017,39018.0
Greenland,GRL,2017,2.2
Grenada,GRD,2017,177.0
Guam,GUM,2017,280.0
Guatemala,GTM,2017,35626.0
Guinea,GIN,2017,63090.0
Guinea-Bissau,GNB,2017,20053.3
Guyana,GUY,2017,184429.5
Haiti,HTI,2017,3566.3
Honduras,HND,2017,64221.1
"Hong Kong SAR, China",HKG,2017,
Hungary,HUN,2017,20572.7
Iceland,ISL,2017,493.8
India,IND,2017,713608.0
Indonesia,IDN,2017,939498.0
"Iran, Islamic Rep.",IRN,2017,107105.9
Iraq,IRQ,2017,8250.0
Ireland,IRL,2017,7700.2
Isle of Man,IMN,2017,34.6
Israel,ISR,2017,1400.0
Italy,ITA,2017,94047.0
Jamaica,JAM,2017,5852.3
Japan,JPN,2017,249350.0
Jordan,JOR,2017,975.0
Kazakhstan,KAZ,2017,33669.6
Kenya,KEN,2017,35815.3
Kiribati,KIR,2017,11.8
"Korea, Dem. People's Rep.",PRK,2017,60937.8
"Korea, Rep.",KOR,2017,63170.0
Kosovo,XKX,2017,
Kuwait,KWT,2017,62.5
Kyrgyz Republic,KGZ,2017,12606.642
Lao PDR,LAO,2017,166990.0
Latvia,LVA,2017,33991.8
Lebanon,LBN,2017,1415.3
Lesotho,LSO,2017,345.2
Liberia,LBR,2017,77082.2
Libya,LBY,2017,2170.0
Liechtenstein,LIE,2017,67.0
Lithuania,LTU,2017,21960.0
Luxembourg,LUX,2017,887.0
"Macao SAR, China",MAC,2017,
Madagascar,MDG,2017,124694.6
Malawi,MWI,2017,23677.0
Malaysia,MYS,2017,192644.9
Maldives,MDV,2017,8.2
Mali,MLI,2017,132960.0
Malta,MLT,2017,4.2
Marshall Islands,MHL,2017,94.0
Mauritania,MRT,2017,3292.0
Mauritius,MUS,2017,386.5
Mexico,MEX,2017,660753.8
"Micronesia, Fed. Sts.",FSM,2017,643.3
Moldova,MDA,2017,3865.0
Monaco,MCO,2017,0.0
Mongolia,MNG,2017,141761.1
Montenegro,MNE,2017,8270.0
Morocco,MAR,2017,57115.9
Mozambique,MOZ,2017,374066.0
Myanmar,MMR,2017,294130.2
Namibia,NAM,2017,68519.3
Nauru,NRU,2017,0.0
Nepal,NPL,2017,59620.3
Netherlands,NLD,2017,3667.0
New Caledonia,NCL,2017,8383.2
New Zealand,NZL,2017,98508.5
Nicaragua,NIC,2017,37075.3
Niger,NER,2017,11169.6
Nigeria,NGA,2017,221168.5
North Macedonia,MKD,2017,10014.9
Northern Mariana Islands,MNP,2017,243.6
Norway,NOR,2017,121566.0
Oman,OMN,2017,27.0
Pakistan,PAK,2017,38499.2
Palau,PLW,2017,411.6
Panama,PAN,2017,42480.8
Papua New Guinea,PNG,2017,359563.5
Paraguay,PRY,2017,169402.7
Peru,PER,2017,728347.8
Philippines,PHL,2017,70839.3
Poland,POL,2017,94470.0
Portugal,PRT,2017,33120.0
Puerto Rico,PRI,2017,4948.6
Qatar,QAT,2017,0.0
Romania,ROU,2017,69290.5
Russian Federation,RUS,2017,8153116.0
Rwanda,RWA,2017,2730.0
Samoa,WSM,2017,1631.1
San Marino,SMR,2017,10.0
Sao Tome and Principe,STP,2017,537.6
Saudi Arabia,SAU,2017,9770.0
Senegal,SEN,2017,81881.6
Serbia,SRB,2017,27218.6
Seychelles,SYC,2017,337.0
Sierra Leone,SLE,2017,25940.7
Singapore,SGP,2017,161.1
Sint Maarten (Dutch part),SXM,2017,3.7
Slovak Republic,SVK,2017,19259.0
Slovenia,SVN,2017,12439.3
Solomon Islands,SLB,2017,25251.6
Somalia,SOM,2017,62102.5
South Africa,ZAF,2017,171592.9
South Sudan,SSD,2017,71570.0
Spain,ESP,2017,185593.0
Sri Lanka,LKA,2017,21225.0
St. Kitts and Nevis,KNA,2017,110.0
St. Lucia,LCA,2017,207.7
St. Martin (French part),MAF,2017,12.4
St. Vincent and the Grenadines,VCT,2017,285.4
Sudan,SDN,2017,188760.3
Suriname,SUR,2017,152330.2
Sweden,SWE,2017,279800.0
Switzerland,CHE,2017,12587.9
Syrian Arab Republic,SYR,2017,5220.8
Tajikistan,TJK,2017,4218.0
Tanzania,TZA,2017,471520.0
Thailand,THA,2017,199810.0
Timor-Leste,TLS,2017,9256.0
Togo,TGO,2017,12181.5
Tonga,TON,2017,89.5
Trinidad and Tobago,TTO,2017,2294.5
Tunisia,TUN,2017,6981.4
Turkiye,TUR,2017,217524.6
Turkmenistan,TKM,2017,41270.0
Turks and Caicos Islands,TCA,2017,105.2
Tuvalu,TUV,2017,10.0
Uganda,UGA,2017,24616.6
Ukraine,UKR,2017,96710.0
United Arab Emirates,ARE,2017,3173.0
United Kingdom,GBR,2017,31640.0
United States,USA,2017,3097950.0
Uruguay,URY,2017,19680.0
Uzbekistan,UZB,2017,36121.36
Vanuatu,VUT,2017,4423.0
"Venezuela, RB",VEN,2017,464281.8
Vietnam,VNM,2017,144153.9
Virgin Islands (U.S.),VIR,2017,194.6
West Bank and Gaza,PSE,2017,101.4
"Yemen, Rep.",YEM,2017,5490.0
Zambia,ZMB,2017,453786.7
Zimbabwe,ZWE,2017,175827.9
Africa Eastern and Southern,AFE,2017,4575901.2
Africa Western and Central,AFW,2017,1815608.1
Arab World,ARB,2017,375191.7
Caribbean small states,CSS,2017,364515.3
Central Europe and the Baltics,CEB,2017,380939.984
Early-demographic dividend,EAR,2017,7655531.46
East Asia & Pacific,EAS,2017,6617836.7
East Asia & Pacific (excluding high income),EAP,2017,4852099.5
East Asia & Pacific (IDA & IBRD countries),TEA,2017,4791161.7
Euro area,EMU,2017,1031881.2
Europe & Central Asia,ECS,2017,10557512.059
Europe & Central Asia (excluding high income),ECA,2017,8842640.675
Europe & Central Asia (IDA & IBRD countries),TEC,2017,9025717.259
European Union,EUU,2017,1586843.084
Fragile and conflict affected situations,FCS,2017,4786270.3
Heavily indebted poor countries (HIPC),HPC,2017,5357638.9
High income,HIC,2017,10501830.984
IBRD only,IBD,2017,24126709.957
IDA & IBRD total,IBT,2017,30663489.759
IDA blend,IDB,2017,1314043.36
IDA only,IDX,2017,5222736.442
IDA total,IDA,2017,6536779.802
Late-demographic dividend,LTE,2017,17578621.615
Latin America & Caribbean,LCN,2017,9392385.2
Latin America & Caribbean (excluding high income),LAC,2017,8490011.6
Latin America & the Caribbean (IDA & IBRD countries),TLA,2017,9349370.8
Least developed countries: UN classification,LDC,2017,5467438.6
Low & middle income,LMY,2017,29681756.175
Low income,LIC,2017,3052952.5
Lower middle income,LMC,2017,5910918.102
Middle East & North Africa,MEA,2017,229204.7
Middle East & North Africa (excluding high income),MNA,2017,214761.6
Middle East & North Africa (IDA & IBRD countries),TMN,2017,214660.2
Middle income,MIC,2017,26628803.675
North America,NAC,2017,6568350.5
Not classified,INX,2017,
OECD members,OED,2017,11629150.3
Other small states,OSS,2017,590206.8
Pacific island small states,PSS,2017,43765.7
Post-demographic dividend,PST,2017,10059915.984
Pre-demographic dividend,PRE,2017,5351162.0
Small states,SST,2017,998487.8
South Asia,SAS,2017,891070.5
South Asia (IDA & IBRD),TSA,2017,891070.5
Sub-Saharan Africa,SSF,2017,6391509.3
Sub-Saharan Africa (excluding high income),SSA,2017,6391172.3
Sub-Saharan Africa (IDA & IBRD countries),TSS,2017,6391509.3
Upper middle income,UMC,2017,20717885.573
World,WLD,2017,40647868.959
Afghanistan,AFG,2018,12084.4
Albania,ALB,2018,7889.0
Algeria,DZA,2018,19300.0
American Samoa,ASM,2018,171.9
Andorra,AND,2018,160.0
Angola,AGO,2018,677175.1
Antigua and Barbuda,ATG,2018,82.5
Argentina,ARG,2018,287910.0
Armenia,ARM,2018,3288.9
Aruba,ABW,2018,4.2
Australia,AUS,2018,1340051.0
Austria,AUT,2018,38919.7
Azerbaijan,AZE,2018,11087.15
"Bahamas, The",BHS,2018,5098.6
Bahrain,BHR,2018,6.6
Bangladesh,BGD,2018,18834.0
Barbados,BRB,2018,63.0
Belarus,BLR,2018,87386.0
Belgium,BEL,2018,6893.0
Belize,BLZ,2018,12993.7
Benin,BEN,2018,32351.5
Bermuda,BMU,2018,10.0
Bhutan,BTN,2018,27211.2
Bolivia,BOL,2018,512532.4
Bosnia and Herzegovina,BIH,2018,21879.1
Botswana,BWA,2018,154913.0
Brazil,BRA,2018,4990514.0
British Virgin Islands,VGB,2018,36.2
Brunei Darussalam,BRN,2018,3800.0
Bulgaria,BGR,2018,38670.0
Burkina Faso,BFA,2018,63164.0
Burundi,BDI,2018,2796.4
Cabo Verde,CPV,2018,451.2
Cambodia,KHM,2018,83797.5
Cameroon,CMR,2018,204524.8
Canada,CAN,2018,3470020.7
Cayman Islands,CYM,2018,128.1
Central African Republic,CAF,2018,223630.0
Chad,TCD,2018,45350.0
Channel Islands,CHI,2018,10.2
Chile,CHL,2018,179648.7
China,CHN,2018,2162190.4
Colombia,COL,2018,595404.8
Comoros,COM,2018,338.0
"Congo, Dem. Rep.",COD,2018,1283579.9
"Congo, Rep.",COG,2018,219760.0
Costa Rica,CRI,2018,30021.3
Cote d'Ivoire,CIV,2018,30624.8
Croatia,HRV,2018,19341.1
Cuba,CUB,2018,32420.0
Curacao,CUW,2018,0.7
Cyprus,CYP,2018,1725.7
Czechia,CZE,2018,26734.7
Denmark,DNK,2018,6265.6
Djibouti,DJI,2018,56.4
Dominica,DMA,2018,478.7
Dominican Republic,DOM,2018,21279.2
Ecuador,ECU,2018,126263.7
"Egypt, Arab Rep.",EGY,2018,449.8
El Salvador,SLV,2018,5928.8
Equatorial Guinea,GNQ,2018,24651.4
Eritrea,ERI,2018,10615.8
Estonia,EST,2018,24384.0
Eswatini,SWZ,2018,4951.4
Ethiopia,ETH,2018,172145.0
Faroe Islands,FRO,2018,0.8
Fiji,FJI,2018,11266.6
Finland,FIN,2018,224090.0
France,FRA,2018,170862.0
French Polynesia,PYF,2018,1494.6
Gabon,GAB,2018,235543.6
"Gambia, The",GMB,2018,2541.4
Georgia,GEO,2018,28224.0
Germany,DEU,2018,114190.0
Ghana,GHA,2018,79712.6
Gibraltar,GIB,2018,0.0
Greece,GRC,2018,39018.0
Greenland,GRL,2018,2.2
Grenada,GRD,2018,177.0
Guam,GUM,2018,280.0
Guatemala,GTM,2018,35510.0
Guinea,GIN,2018,62690.0
Guinea-Bissau,GNB,2018,19968.9
Guyana,GUY,2018,184337.5
Haiti,HTI,2018,3535.2
Honduras,HND,2018,64011.6
"Hong Kong SAR, China",HKG,2018,
Hungary,HUN,2018,20559.2
Iceland,ISL,2018,500.4
India,IND,2018,716272.0
Indonesia,IDN,2018,933442.7
"Iran, Islamic Rep.",IRN,2018,107270.3
Iraq,IRQ,2018,8250.0
Ireland,IRL,2018,7740.2
Isle of Man,IMN,2018,34.6
Israel,ISR,2018,1400.0
Italy,ITA,2018,94585.1
Jamaica,JAM,2018,5891.2
Japan,JPN,2018,249350.0
Jordan,JOR,2018,975.0
Kazakhstan,KAZ,2018,33962.012
Kenya,KEN,2018,36110.9
Kiribati,KIR,2018,11.8
"Korea, Dem. People's Rep.",PRK,2018,60725.5
"Korea, Rep.",KOR,2018,63070.0
Kosovo,XKX,2018,
Kuwait,KWT,2018,62.5
Kyrgyz Republic,KGZ,2018,12789.0
Lao PDR,LAO,2018,166645.0
Latvia,LVA,2018,34030.5
Lebanon,LBN,2018,1421.3
Lesotho,LSO,2018,345.2
Liberia,LBR,2018,76779.6
Libya,LBY,2018,2170.0
Liechtenstein,LIE,2018,67.0
Lithuania,LTU,2018,21980.0
Luxembourg,LUX,2018,887.0
"Macao SAR, China",MAC,2018,
Madagascar,MDG,2018,124562.4
Malawi,MWI,2018,23257.0
Malaysia,MYS,2018,192143.4
Maldives,MDV,2018,8.2
Mali,MLI,2018,132960.0
Malta,MLT,2018,4.6
Marshall Islands,MHL,2018,94.0
Mauritania,MRT,2018,3237.0
Mauritius,MUS,2018,386.9
Mexico,MEX,2018,659476.1
"Micronesia, Fed. Sts.",FSM,2018,643.6
Moldova,MDA,2018,3865.0
Monaco,MCO,2018,0.0
Mongolia,MNG,2018,141750.0
Montenegro,MNE,2018,8270.0
Morocco,MAR,2018,57215.9
Mozambique,MOZ,2018,372241.68
Myanmar,MMR,2018,291233.1
Namibia,NAM,2018,67809.2
Nauru,NRU,2018,0.0
Nepal,NPL,2018,59620.3
Netherlands,NLD,2018,3676.3
New Caledonia,NCL,2018,8382.2
New Zealand,NZL,2018,98551.5
Nicaragua,NIC,2018,36075.3
Niger,NER,2018,11045.4
Nigeria,NGA,2018,219535.5
North Macedonia,MKD,2018,10014.9
Northern Mariana Islands,MNP,2018,243.6
Norway,NOR,2018,121644.0
Oman,OMN,2018,26.0
Pakistan,PAK,2018,38085.8
Palau,PLW,2018,412.5
Panama,PAN,2018,42366.7
Papua New Guinea,PNG,2018,359228.2
Paraguay,PRY,2018,166609.3
Peru,PER,2018,726760.4
Philippines,PHL,2018,71188.1
Poland,POL,2018,94590.0
Portugal,PRT,2018,33120.0
Puerto Rico,PRI,2018,4953.5
Qatar,QAT,2018,0.0
Romania,ROU,2018,69290.5
Russian Federation,RUS,2018,8153116.0
Rwanda,RWA,2018,2740.0
Samoa,WSM,2018,1626.3
San Marino,SMR,2018,10.0
Sao Tome and Principe,STP,2018,531.4
Saudi Arabia,SAU,2018,9770.0
Senegal,SEN,2018,81481.6
Serbia,SRB,2018,27220.0
Seychelles,SYC,2018,337.0
Sierra Leone,SLE,2018,25743.4
Singapore,SGP,2018,159.3
Sint Maarten (Dutch part),SXM,2018,3.7
Slovak Republic,SVK,2018,19259.0
Slovenia,SVN,2018,12419.0
Solomon Islands,SLB,2018,25244.3
Somalia,SOM,2018,61335.0
South Africa,ZAF,2018,171228.9
South Sudan,SSD,2018,71570.0
Spain,ESP,2018,185635.9
Sri Lanka,LKA,2018,21193.4
St. Kitts and Nevis,KNA,2018,110.0
St. Lucia,LCA,2018,207.7
St. Martin (French part),MAF,2018,12.4
St. Vincent and the Grenadines,VCT,2018,285.4
Sudan,SDN,2018,187038.7
Suriname,SUR,2018,152207.8
Sweden,SWE,2018,279800.0
Switzerland,CHE,2018,12622.3
Syrian Arab Republic,SYR,2018,5220.8
Tajikistan,TJK,2018,4218.0
Tanzania,TZA,2018,466830.0
Thailand,THA,2018,199450.0
Timor-Leste,TLS,2018,9239.0
Togo,TGO,2018,12151.9
Tonga,TON,2018,89.5
Trinidad and Tobago,TTO,2018,2290.3
Tunisia,TUN,2018,6996.7
Turkiye,TUR,2018,219083.6
Turkmenistan,TKM,2018,41270.0
Turks and Caicos Islands,TCA,2018,105.2
Tuvalu,TUV,2018,10.0
Uganda,UGA,2018,24204.1
Ukraine,UKR,2018,96780.0
United Arab Emirates,ARE,2018,3173.0
United Kingdom,GBR,2018,31730.0
United States,USA,2018,3097950.0
Uruguay,URY,2018,19890.0
Uzbekistan,UZB,2018,36379.8
Vanuatu,VUT,2018,4423.0
"Venezuela, RB",VEN,2018,463377.6
Vietnam,VNM,2018,144912.9
Virgin Islands (U.S.),VIR,2018,196.1
West Bank and Gaza,PSE,2018,101.4
"Yemen, Rep.",YEM,2018,5490.0
Zambia,ZMB,2018,451904.6
Zimbabwe,ZWE,2018,175367.2
Africa Eastern and Southern,AFE,2018,4544314.78
Africa Western and Central,AFW,2018,1807898.6
Arab World,ARB,2018,372634.1
Caribbean small states,CSS,2018,364223.4
Central Europe and the Baltics,CEB,2018,381258.0
Early-demographic dividend,EAR,2018,7632988.4
East Asia & Pacific,EAS,2018,6625321.5
East Asia & Pacific (excluding high income),EAP,2018,4859767.4
East Asia & Pacific (IDA & IBRD countries),TEA,2018,4799041.9
Euro area,EMU,2018,1033420.0
Europe & Central Asia,ECS,2018,10562170.462
Europe & Central Asia (excluding high income),ECA,2018,8845392.462
Europe & Central Asia (IDA & IBRD countries),TEC,2018,9028614.062
European Union,EUU,2018,1588671.1
Fragile and conflict affected situations,FCS,2018,4761089.18
Heavily indebted poor countries (HIPC),HPC,2018,5324413.28
High income,HIC,2018,10504419.9
IBRD only,IBD,2018,24115103.262
IDA & IBRD total,IBT,2018,30614171.742
IDA blend,IDB,2018,1311097.8
IDA only,IDX,2018,5187970.68
IDA total,IDA,2018,6499068.48
Late-demographic dividend,LTE,2018,17587197.862
Latin America & Caribbean,LCN,2018,9369198.6
Latin America & Caribbean (excluding high income),LAC,2018,8466493.6
Latin America & the Caribbean (IDA & IBRD countries),TLA,2018,9326176.9
Least developed countries: UN classification,LDC,2018,5429317.18
Low & middle income,LMY,2018,29631756.742
Low income,LIC,2018,3032941.28
Lower middle income,LMC,2018,5889089.0
Middle East & North Africa,MEA,2018,229360.3
Middle East & North Africa (excluding high income),MNA,2018,214917.6
Middle East & North Africa (IDA & IBRD countries),TMN,2018,214816.2
Middle income,MIC,2018,26598815.462
North America,NAC,2018,6567980.7
Not classified,INX,2018,
OECD members,OED,2018,11630163.6
Other small states,OSS,2018,587984.7
Pacific island small states,PSS,2018,43821.6
Post-demographic dividend,PST,2018,10061410.6
Pre-demographic dividend,PRE,2018,5315324.18
Small states,SST,2018,996029.7
South Asia,SAS,2018,893309.3
South Asia (IDA & IBRD),TSA,2018,893309.3
Sub-Saharan Africa,SSF,2018,6352213.38
Sub-Saharan Africa (excluding high income),SSA,2018,6351876.38
Sub-Saharan Africa (IDA & IBRD countries),TSS,2018,6352213.38
Upper middle income,UMC,2018,20709726.462
World,WLD,2018,40599554.242
Afghanistan,AFG,2019,12084.4
Albania,ALB,2019,7889.0
Algeria,DZA,2019,19390.0
American Samoa,ASM,2019,171.6
Andorra,AND,2019,160.0
Angola,AGO,2019,671624.4
Antigua and Barbuda,ATG,2019,81.8
Argentina,ARG,2019,286810.0
Armenia,ARM,2019,3286.8
Aruba,ABW,2019,4.2
Australia,AUS,2019,1340051.0
Austria,AUT,2019,38955.6
Azerbaijan,AZE,2019,11202.4
"Bahamas, The",BHS,2019,5098.6
Bahrain,BHR,2019,6.8
Bangladesh,BGD,2019,18834.0
Barbados,BRB,2019,63.0
Belarus,BLR,2019,87531.0
Belgium,BEL,2019,6893.0
Belize,BLZ,2019,12882.1
Benin,BEN,2019,31851.5
Bermuda,BMU,2019,10.0
Bhutan,BTN,2019,27231.0
Bolivia,BOL,2019,510337.6
Bosnia and Herzegovina,BIH,2019,21879.1
Botswana,BWA,2019,153730.0
Brazil,BRA,2019,4977985.0
British Virgin Islands,VGB,2019,36.2
Brunei Darussalam,BRN,2019,3800.0
Bulgaria,BGR,2019,38800.0
Burkina Faso,BFA,2019,62664.0
Burundi,BDI,2019,2796.4
Cabo Verde,CPV,2019,454.2
Cambodia,KHM,2019,82240.6
Cameroon,CMR,2019,203964.8
Canada,CAN,2019,3469650.8
Cayman Islands,CYM,2019,127.2
Central African Republic,CAF,2019,223330.0
Chad,TCD,2019,44220.0
Channel Islands,CHI,2019,10.2
Chile,CHL,2019,180878.0
China,CHN,2019,2180986.1
Colombia,COL,2019,593412.0
Comoros,COM,2019,333.6
"Congo, Dem. Rep.",COD,2019,1272566.1
"Congo, Rep.",COG,2019,219610.0
Costa Rica,CRI,2019,30185.0
Cote d'Ivoire,CIV,2019,29496.0
Croatia,HRV,2019,19366.1
Cuba,CUB,2019,32420.0
Curacao,CUW,2019,0.7
Cyprus,CYP,2019,1725.5
Czechia,CZE,2019,26752.8
Denmark,DNK,2019,6275.0
Djibouti,DJI,2019,57.0
Dominica,DMA,2019,478.7
Dominican Republic,DOM,2019,21360.1
Ecuador,ECU,2019,125621.0
"Egypt, Arab Rep.",EGY,2019,449.8
El Salvador,SLV,2019,5883.8
Equatorial Guinea,GNQ,2019,24567.8
Eritrea,ERI,2019,10584.2
Estonia,EST,2019,24384.0
Eswatini,SWZ,2019,4963.5
Ethiopia,ETH,2019,171415.0
Faroe Islands,FRO,2019,0.8
Fiji,FJI,2019,11333.4
Finland,FIN,2019,224090.0
France,FRA,2019,171696.0
French Polynesia,PYF,2019,1494.6
Gabon,GAB,2019,235424.8
"Gambia, The",GMB,2019,2484.0
Georgia,GEO,2019,28224.0
Germany,DEU,2019,114190.0
Ghana,GHA,2019,79784.8
Gibraltar,GIB,2019,0.0
Greece,GRC,2019,39018.0
Greenland,GRL,2019,2.2
Grenada,GRD,2019,177.0
Guam,GUM,2019,280.0
Guatemala,GTM,2019,35394.0
Guinea,GIN,2019,62290.0
Guinea-Bissau,GNB,2019,19884.5
Guyana,GUY,2019,184245.4
Haiti,HTI,2019,3504.1
Honduras,HND,2019,63802.1
"Hong Kong SAR, China",HKG,2019,
Hungary,HUN,2019,20544.7
Iceland,ISL,2019,506.9
India,IND,2019,718936.0
Indonesia,IDN,2019,927387.3
"Iran, Islamic Rep.",IRN,2019,107434.7
Iraq,IRQ,2019,8250.0
Ireland,IRL,2019,7780.2
Isle of Man,IMN,2019,34.6
Israel,ISR,2019,1400.0
Italy,ITA,2019,95123.2
Jamaica,JAM,2019,5930.0
Japan,JPN,2019,249350.0
Jordan,JOR,2019,975.0
Kazakhstan,KAZ,2019,34254.4
Kenya,KEN,2019,36110.9
Kiribati,KIR,2019,11.8
"Korea, Dem. People's Rep.",PRK,2019,60513.2
"Korea, Rep.",KOR,2019,62970.0
Kosovo,XKX,2019,
Kuwait,KWT,2019,62.5
Kyrgyz Republic,KGZ,2019,12971.4
Lao PDR,LAO,2019,166300.0
Latvia,LVA,2019,34069.2
Lebanon,LBN,2019,1427.3
Lesotho,LSO,2019,345.2
Liberia,LBR,2019,76477.0
Libya,LBY,2019,2170.0
Liechtenstein,LIE,2019,67.0
Lithuania,LTU,2019,22000.0
Luxembourg,LUX,2019,887.0
"Macao SAR, China",MAC,2019,
Madagascar,MDG,2019,124430.3
Malawi,MWI,2019,22837.0
Malaysia,MYS,2019,191641.9
Maldives,MDV,2019,8.2
Mali,MLI,2019,132960.0
Malta,MLT,2019,4.6
Marshall Islands,MHL,2019,94.0
Mauritania,MRT,2019,3183.0
Mauritius,MUS,2019,387.3
Mexico,MEX,2019,658198.5
"Micronesia, Fed. Sts.",FSM,2019,643.9
Moldova,MDA,2019,3865.0
Monaco,MCO,2019,0.0
Mongolia,MNG,2019,141738.9
Montenegro,MNE,2019,8270.0
Morocco,MAR,2019,57320.9
Mozambique,MOZ,2019,369661.1
Myanmar,MMR,2019,288336.0
Namibia,NAM,2019,67099.1
Nauru,NRU,2019,0.0
Nepal,NPL,2019,59620.3
Netherlands,NLD,2019,3685.7
New Caledonia,NCL,2019,8381.2
New Zealand,NZL,2019,98655.2
Nicaragua,NIC,2019,35075.3
Niger,NER,2019,10921.2
Nigeria,NGA,2019,217902.5
North Macedonia,MKD,2019,10014.9
Northern Mariana Islands,MNP,2019,243.6
Norway,NOR,2019,121722.0
Oman,OMN,2019,25.0
Pakistan,PAK,2019,37672.4
Palau,PLW,2019,413.3
Panama,PAN,2019,42252.5
Papua New Guinea,PNG,2019,358892.9
Paraguay,PRY,2019,163816.0
Peru,PER,2019,725032.0
Philippines,PHL,2019,71537.0
Poland,POL,2019,94710.0
Portugal,PRT,2019,33120.0
Puerto Rico,PRI,2019,4958.4
Qatar,QAT,2019,0.0
Romania,ROU,2019,69290.5
Russian Federation,RUS,2019,8153116.0
Rwanda,RWA,2019,2750.0
Samoa,WSM,2019,1621.5
San Marino,SMR,2019,10.0
Sao Tome and Principe,STP,2019,525.2
Saudi Arabia,SAU,2019,9770.0
Senegal,SEN,2019,81081.6
Serbia,SRB,2019,27222.2
Seychelles,SYC,2019,337.0
Sierra Leone,SLE,2019,25546.1
Singapore,SGP,2019,157.5
Sint Maarten (Dutch part),SXM,2019,3.7
Slovak Republic,SVK,2019,19259.0
Slovenia,SVN,2019,12398.6
Solomon Islands,SLB,2019,25237.0
Somalia,SOM,2019,60567.5
South Africa,ZAF,2019,170864.9
South Sudan,SSD,2019,71570.0
Spain,ESP,2019,185678.8
Sri Lanka,LKA,2019,21161.8
St. Kitts and Nevis,KNA,2019,110.0
St. Lucia,LCA,2019,207.7
St. Martin (French part),MAF,2019,12.4
St. Vincent and the Grenadines,VCT,2019,285.4
Sudan,SDN,2019,185317.1
Suriname,SUR,2019,152085.3
Sweden,SWE,2019,279800.0
Switzerland,CHE,2019,12656.7
Syrian Arab Republic,SYR,2019,5220.8
Tajikistan,TJK,2019,4228.0
Tanzania,TZA,2019,462140.0
Thailand,THA,2019,199090.0
Timor-Leste,TLS,2019,9225.0
Togo,TGO,2019,12122.3
Tonga,TON,2019,89.5
Trinidad and Tobago,TTO,2019,2286.1
Tunisia,TUN,2019,7012.0
Turkiye,TUR,2019,220643.6
Turkmenistan,TKM,2019,41270.0
Turks and Caicos Islands,TCA,2019,105.2
Tuvalu,TUV,2019,10.0
Uganda,UGA,2019,23791.5
Ukraine,UKR,2019,96840.0
United Arab Emirates,ARE,2019,3173.0
United Kingdom,GBR,2019,31820.0
United States,USA,2019,3097950.0
Uruguay,URY,2019,20100.0
Uzbekistan,UZB,2019,36638.2
Vanuatu,VUT,2019,4423.0
"Venezuela, RB",VEN,2019,462720.0
Vietnam,VNM,2019,145671.9
Virgin Islands (U.S.),VIR,2019,197.6
West Bank and Gaza,PSE,2019,101.4
"Yemen, Rep.",YEM,2019,5490.0
Zambia,ZMB,2019,450022.4
Zimbabwe,ZWE,2019,174906.5
Africa Eastern and Southern,AFE,2019,4511676.2
Africa Western and Central,AFW,2019,1800220.1
Arab World,ARB,2019,370302.7
Caribbean small states,CSS,2019,363931.1
Central Europe and the Baltics,CEB,2019,381574.9
Early-demographic dividend,EAR,2019,7610957.1
East Asia & Pacific,EAS,2019,6632992.9
East Asia & Pacific (excluding high income),EAP,2019,4867438.2
East Asia & Pacific (IDA & IBRD countries),TEA,2019,4806925.0
Euro area,EMU,2019,1034958.4
Europe & Central Asia,ECS,2019,10566829.3
Europe & Central Asia (excluding high income),ECA,2019,8848146.0
Europe & Central Asia (IDA & IBRD countries),TEC,2019,9031512.6
European Union,EUU,2019,1590497.5
Fragile and conflict affected situations,FCS,2019,4735421.3
Heavily indebted poor countries (HIPC),HPC,2019,5290657.1
High income,HIC,2019,10507188.7
IBRD only,IBD,2019,24101866.7
IDA & IBRD total,IBT,2019,30562216.0
IDA blend,IDB,2019,1307859.6
IDA only,IDX,2019,5152489.7
IDA total,IDA,2019,6460349.3
Late-demographic dividend,LTE,2019,17593652.8
Latin America & Caribbean,LCN,2019,9344163.7
Latin America & Caribbean (excluding high income),LAC,2019,8440882.7
Latin America & the Caribbean (IDA & IBRD countries),TLA,2019,9301136.5
Least developed countries: UN classification,LDC,2019,5390473.4
Low & middle income,LMY,2019,29578873.2
Low income,LIC,2019,3012203.7
Lower middle income,LMC,2019,5867388.5
Middle East & North Africa,MEA,2019,229740.8
Middle East & North Africa (excluding high income),MNA,2019,215298.9
Middle East & North Africa (IDA & IBRD countries),TMN,2019,215197.5
Middle income,MIC,2019,26566669.5
North America,NAC,2019,6567610.8
Not classified,INX,2019,
OECD members,OED,2019,11631360.5
Other small states,OSS,2019,585765.2
Pacific island small states,PSS,2019,43877.4
Post-demographic dividend,PST,2019,10063077.2
Pre-demographic dividend,PRE,2019,5278468.2
Small states,SST,2019,993573.7
South Asia,SAS,2019,895548.1
South Asia (IDA & IBRD),TSA,2019,895548.1
Sub-Saharan Africa,SSF,2019,6311896.3
Sub-Saharan Africa (excluding high income),SSA,2019,6311559.3
Sub-Saharan Africa (IDA & IBRD countries),TSS,2019,6311896.3
Upper middle income,UMC,2019,20699281.0
World,WLD,2019,40548781.9
Afghanistan,AFG,2020,12084.4
Albania,ALB,2020,7889.0
Algeria,DZA,2020,19490.0
American Samoa,ASM,2020,171.3
Andorra,AND,2020,160.0
Angola,AGO,2020,666073.8
Antigua and Barbuda,ATG,2020,81.2
Argentina,ARG,2020,285730.0
Armenia,ARM,2020,3284.7
Aruba,ABW,2020,4.2
Australia,AUS,2020,1340051.0
Austria,AUT,2020,38991.5
Azerbaijan,AZE,2020,11317.7
"Bahamas, The",BHS,2020,5098.6
Bahrain,BHR,2020,7.0
Bangladesh,BGD,2020,18834.0
Barbados,BRB,2020,63.0
Belarus,BLR,2020,87676.0
Belgium,BEL,2020,6893.0
Belize,BLZ,2020,12770.5
Benin,BEN,2020,31351.5
Bermuda,BMU,2020,10.0
Bhutan,BTN,2020,27250.8
Bolivia,BOL,2020,508337.6
Bosnia and Herzegovina,BIH,2020,21879.1
Botswana,BWA,2020,152547.0
Brazil,BRA,2020,4966196.0
British Virgin Islands,VGB,2020,36.2
Brunei Darussalam,BRN,2020,3800.0
Bulgaria,BGR,2020,38930.0
Burkina Faso,BFA,2020,62164.0
Burundi,BDI,2020,2796.4
Cabo Verde,CPV,2020,457.2
Cambodia,KHM,2020,80683.7
Cameroon,CMR,2020,203404.8
Canada,CAN,2020,3469281.0
Cayman Islands,CYM,2020,127.2
Central African Republic,CAF,2020,223030.0
Chad,TCD,2020,43130.0
Channel Islands,CHI,2020,10.2
Chile,CHL,2020,182107.0
China,CHN,2020,2199781.8
Colombia,COL,2020,591419.1
Comoros,COM,2020,329.2
"Congo, Dem. Rep.",COD,2020,1261552.4
"Congo, Rep.",COG,2020,219460.0
Costa Rica,CRI,2020,30348.7
Cote d'Ivoire,CIV,2020,28367.1
Croatia,HRV,2020,19391.1
Cuba,CUB,2020,32420.0
Curacao,CUW,2020,0.7
Cyprus,CYP,2020,1725.3
Czechia,CZE,2020,26770.9
Denmark,DNK,2020,6284.4
Djibouti,DJI,2020,58.0
Dominica,DMA,2020,478.7
Dominican Republic,DOM,2020,21441.0
Ecuador,ECU,2020,124978.3
"Egypt, Arab Rep.",EGY,2020,449.8
El Salvador,SLV,2020,5838.8
Equatorial Guinea,GNQ,2020,24484.2
Eritrea,ERI,2020,10552.6
Estonia,EST,2020,24384.0
Eswatini,SWZ,2020,4975.6
Ethiopia,ETH,2020,170685.0
Faroe Islands,FRO,2020,0.8
Fiji,FJI,2020,11400.2
Finland,FIN,2020,224090.0
France,FRA,2020,172530.0
French Polynesia,PYF,2020,1494.6
Gabon,GAB,2020,235306.0
"Gambia, The",GMB,2020,2426.7
Georgia,GEO,2020,28224.0
Germany,DEU,2020,114190.0
Ghana,GHA,2020,79857.1
Gibraltar,GIB,2020,0.0
Greece,GRC,2020,39018.0
Greenland,GRL,2020,2.2
Grenada,GRD,2020,177.0
Guam,GUM,2020,280.0
Guatemala,GTM,2020,35278.0
Guinea,GIN,2020,61890.0
Guinea-Bissau,GNB,2020,19800.1
Guyana,GUY,2020,184153.4
Haiti,HTI,2020,3473.0
Honduras,HND,2020,63592.6
"Hong Kong SAR, China",HKG,2020,
Hungary,HUN,2020,20530.1
Iceland,ISL,2020,513.5
India,IND,2020,721600.0
Indonesia,IDN,2020,921332.0
"Iran, Islamic Rep.",IRN,2020,107518.7
Iraq,IRQ,2020,8250.0
Ireland,IRL,2020,7820.2
Isle of Man,IMN,2020,34.6
Israel,ISR,2020,1400.0
Italy,ITA,2020,95661.3
Jamaica,JAM,2020,5968.9
Japan,JPN,2020,249350.0
Jordan,JOR,2020,975.0
Kazakhstan,KAZ,2020,34546.8
Kenya,KEN,2020,36110.9
Kiribati,KIR,2020,11.8
"Korea, Dem. People's Rep.",PRK,2020,60300.9
"Korea, Rep.",KOR,2020,62870.0
Kosovo,XKX,2020,
Kuwait,KWT,2020,62.5
Kyrgyz Republic,KGZ,2020,13153.8
Lao PDR,LAO,2020,165955.0
Latvia,LVA,2020,34107.9
Lebanon,LBN,2020,1433.3
Lesotho,LSO,2020,345.2
Liberia,LBR,2020,76174.4
Libya,LBY,2020,2170.0
Liechtenstein,LIE,2020,67.0
Lithuania,LTU,2020,22010.0
Luxembourg,LUX,2020,887.0
"Macao SAR, China",MAC,2020,
Madagascar,MDG,2020,124298.1
Malawi,MWI,2020,22417.0
Malaysia,MYS,2020,191140.4
Maldives,MDV,2020,8.2
Mali,MLI,2020,132960.0
Malta,MLT,2020,4.6
Marshall Islands,MHL,2020,94.0
Mauritania,MRT,2020,3128.0
Mauritius,MUS,2020,387.7
Mexico,MEX,2020,656920.8
"Micronesia, Fed. Sts.",FSM,2020,644.2
Moldova,MDA,2020,3865.0
Monaco,MCO,2020,0.0
Mongolia,MNG,2020,141727.8
Montenegro,MNE,2020,8270.0
Morocco,MAR,2020,57424.9
Mozambique,MOZ,2020,367437.6
Myanmar,MMR,2020,285438.9
Namibia,NAM,2020,66389.0
Nauru,NRU,2020,0.0
Nepal,NPL,2020,59620.3
Netherlands,NLD,2020,3695.0
New Caledonia,NCL,2020,8380.2
New Zealand,NZL,2020,98925.9
Nicaragua,NIC,2020,34075.3
Niger,NER,2020,10797.0
Nigeria,NGA,2020,216269.5
North Macedonia,MKD,2020,10014.9
Northern Mariana Islands,MNP,2020,243.6
Norway,NOR,2020,121800.0
Oman,OMN,2020,25.0
Pakistan,PAK,2020,37259.0
Palau,PLW,2020,414.1
Panama,PAN,2020,42138.4
Papua New Guinea,PNG,2020,358557.6
Paraguay,PRY,2020,161022.6
Peru,PER,2020,723303.7
Philippines,PHL,2020,71885.9
Poland,POL,2020,94830.0
Portugal,PRT,2020,33120.0
Puerto Rico,PRI,2020,4963.3
Qatar,QAT,2020,0.0
Romania,ROU,2020,69290.5
Russian Federation,RUS,2020,8153116.0
Rwanda,RWA,2020,2760.0
Samoa,WSM,2020,1616.7
San Marino,SMR,2020,10.0
Sao Tome and Principe,STP,2020,519.0
Saudi Arabia,SAU,2020,9770.0
Senegal,SEN,2020,80681.6
Serbia,SRB,2020,27226.5
Seychelles,SYC,2020,337.0
Sierra Leone,SLE,2020,25348.8
Singapore,SGP,2020,155.7
Sint Maarten (Dutch part),SXM,2020,3.7
Slovak Republic,SVK,2020,19259.0
Slovenia,SVN,2020,12378.3
Solomon Islands,SLB,2020,25229.7
Somalia,SOM,2020,59800.0
South Africa,ZAF,2020,170500.9
South Sudan,SSD,2020,71570.0
Spain,ESP,2020,185721.7
Sri Lanka,LKA,2020,21130.2
St. Kitts and Nevis,KNA,2020,110.0
St. Lucia,LCA,2020,207.7
St. Martin (French part),MAF,2020,12.4
St. Vincent and the Grenadines,VCT,2020,285.4
Sudan,SDN,2020,183595.5
Suriname,SUR,2020,151962.9
Sweden,SWE,2020,279800.0
Switzerland,CHE,2020,12691.1
Syrian Arab Republic,SYR,2020,5220.8
Tajikistan,TJK,2020,4238.0
Tanzania,TZA,2020,457450.0
Thailand,THA,2020,198730.0
Timor-Leste,TLS,2020,9211.0
Togo,TGO,2020,12092.7
Tonga,TON,2020,89.5
Trinidad and Tobago,TTO,2020,2281.9
Tunisia,TUN,2020,7027.3
Turkiye,TUR,2020,222203.6
Turkmenistan,TKM,2020,41270.0
Turks and Caicos Islands,TCA,2020,105.2
Tuvalu,TUV,2020,10.0
Uganda,UGA,2020,23379.0
Ukraine,UKR,2020,96900.0
United Arab Emirates,ARE,2020,3173.0
United Kingdom,GBR,2020,31900.0
United States,USA,2020,3097950.0
Uruguay,URY,2020,20310.0
Uzbekistan,UZB,2020,36896.6
Vanuatu,VUT,2020,4423.0
"Venezuela, RB",VEN,2020,462309.0
Vietnam,VNM,2020,146430.9
Virgin Islands (U.S.),VIR,2020,199.1
West Bank and Gaza,PSE,2020,101.4
"Yemen, Rep.",YEM,2020,5490.0
Zambia,ZMB,2020,448140.3
Zimbabwe,ZWE,2020,174445.8
Africa Eastern and Southern,AFE,2020,4479395.0
Africa Western and Central,AFW,2020,1792580.7
Arab World,ARB,2020,367980.7
Caribbean small states,CSS,2020,363639.2
Central Europe and the Baltics,CEB,2020,381881.8
Early-demographic dividend,EAR,2020,7589317.5
East Asia & Pacific,EAS,2020,6640831.4
East Asia & Pacific (excluding high income),EAP,2020,4875109.1
East Asia & Pacific (IDA & IBRD countries),TEA,2020,4814808.2
Euro area,EMU,2020,1036486.8
Europe & Central Asia,ECS,2020,10571470.3
Europe & Central Asia (excluding high income),ECA,2020,8850901.7
Europe & Central Asia (IDA & IBRD countries),TEC,2020,9034413.3
European Union,EUU,2020,1592313.8
Fragile and conflict affected situations,FCS,2020,4710397.2
Heavily indebted poor countries (HIPC),HPC,2020,5257492.2
High income,HIC,2020,10510106.5
IBRD only,IBD,2020,24089762.4
IDA & IBRD total,IBT,2020,30511789.4
IDA blend,IDB,2020,1304621.4
IDA only,IDX,2020,5117405.6
IDA total,IDA,2020,6422027.0
Late-demographic dividend,LTE,2020,17600849.8
Latin America & Caribbean,LCN,2020,9320331.1
Latin America & Caribbean (excluding high income),LAC,2020,8416226.6
Latin America & the Caribbean (IDA & IBRD countries),TLA,2020,9277297.5
Least developed countries: UN classification,LDC,2020,5352026.5
Low & middle income,LMY,2020,29527272.2
Low income,LIC,2020,2991863.4
Lower middle income,LMC,2020,5845811.0
Middle East & North Africa,MEA,2020,230051.3
Middle East & North Africa (excluding high income),MNA,2020,215609.2
Middle East & North Africa (IDA & IBRD countries),TMN,2020,215507.8
Middle income,MIC,2020,26535408.8
North America,NAC,2020,6567241.0
Not classified,INX,2020,
OECD members,OED,2020,11632704.0
Other small states,OSS,2020,583546.3
Pacific island small states,PSS,2020,43933.2
Post-demographic dividend,PST,2020,10064890.9
Pre-demographic dividend,PRE,2020,5242008.6
Small states,SST,2020,991118.7
South Asia,SAS,2020,897786.9
South Asia (IDA & IBRD),TSA,2020,897786.9
Sub-Saharan Africa,SSF,2020,6271975.7
Sub-Saharan Africa (excluding high income),SSA,2020,6271638.7
Sub-Saharan Africa (IDA & IBRD countries),TSS,2020,6271975.7
Upper middle income,UMC,2020,20689597.8
World,WLD,2020,40499687.7
